<?xml version="1.0" encoding="utf-8"?>
<photos>
	
	<config
		folder="photos/"
		enable_fullscreen="true"
		drag_speed="2.4"	

		thumbnail_complete_fillup="true"
		thumbnail_random_scale="false"
		thumbnail_black_white="false"
		thumbnail_size="150"
		thumbnail_gap="1"
		
		photo_border_size="10"
		photo_border_color="#FFFFFF"
		
		close_button="true"
		previous_button="true"
		next_button="true"
		
		description="false"
		description_bg_color="#000000"
		description_bg_alpha="0.7"
		css_file="flashmo_210_style.css"
		tween_duration="0.6">
	</config>
	
	<photo>
		<thumbnail>s_photo_101.jpg</thumbnail>
		<filename>photo_101.jpg</filename>
	</photo>
	
	<photo>
		<thumbnail>s_photo_102.jpg</thumbnail>
		<filename>photo_102.jpg</filename>
	</photo>
	
	<photo>
		<thumbnail>s_photo_103.jpg</thumbnail>
		<filename>photo_103.jpg</filename>
	</photo>
	
	<photo>
		<thumbnail>s_photo_104.jpg</thumbnail>
		<filename>photo_104.jpg</filename>
	</photo>
	
	<photo>
		<thumbnail>s_photo_105.jpg</thumbnail>
		<filename>photo_105.jpg</filename>
	</photo>

	<photo>
		<thumbnail>s_photo_106.jpg</thumbnail>
		<filename>photo_106.jpg</filename>
	</photo>
	
	<photo>
		<thumbnail>s_photo_107.jpg</thumbnail>
		<filename>photo_107.jpg</filename>
	</photo>
	
	<photo>
		<thumbnail>s_photo_108.jpg</thumbnail>
		<filename>photo_108.jpg</filename>
	</photo>
	
	<photo>
		<thumbnail>s_photo_109.jpg</thumbnail>
		<filename>photo_109.jpg</filename>
	</photo>
	
	<photo>
		<thumbnail>s_photo_110.jpg</thumbnail>
		<filename>photo_110.jpg</filename>
	</photo>

	<photo>
		<thumbnail>s_photo_111.jpg</thumbnail>
		<filename>photo_111.jpg</filename>
	</photo>
	
	<photo>
		<thumbnail>s_photo_112.jpg</thumbnail>
		<filename>photo_112.jpg</filename>
	</photo>
	
	<photo>
		<thumbnail>s_photo_113.jpg</thumbnail>
		<filename>photo_113.jpg</filename>
	</photo>
	
	<photo>
		<thumbnail>s_photo_114.jpg</thumbnail>
		<filename>photo_114.jpg</filename>
	</photo>
	
	<photo>
		<thumbnail>s_photo_115.jpg</thumbnail>
		<filename>photo_115.jpg</filename>
	</photo>

	<photo>
		<thumbnail>s_photo_116.jpg</thumbnail>
		<filename>photo_116.jpg</filename>
	</photo>
	
	<photo>
		<thumbnail>s_photo_117.jpg</thumbnail>
		<filename>photo_117.jpg</filename>
	</photo>
	
	<photo>
		<thumbnail>s_photo_118.jpg</thumbnail>
		<filename>photo_118.jpg</filename>
	</photo>
	
	<photo>
		<thumbnail>s_photo_119.jpg</thumbnail>
		<filename>photo_119.jpg</filename>
	</photo>
	
	<photo>
		<thumbnail>s_photo_120.jpg</thumbnail>
		<filename>photo_120.jpg</filename>
	</photo>
	
	<photo>
		<thumbnail>s_photo_121.jpg</thumbnail>
		<filename>photo_121.jpg</filename>
	</photo>
	
	<photo>
		<thumbnail>s_photo_122.jpg</thumbnail>
		<filename>photo_122.jpg</filename>
	</photo>
	
	<photo>
		<thumbnail>s_photo_123.jpg</thumbnail>
		<filename>photo_123.jpg</filename>
	</photo>
	
	<photo>
		<thumbnail>s_photo_124.jpg</thumbnail>
		<filename>photo_124.jpg</filename>
	</photo>
	
	<photo>
		<thumbnail>s_photo_125.jpg</thumbnail>
		<filename>photo_125.jpg</filename>
	</photo>

	<photo>
		<thumbnail>s_photo_126.jpg</thumbnail>
		<filename>photo_126.jpg</filename>
	</photo>
	
	<photo>
		<thumbnail>s_photo_127.jpg</thumbnail>
		<filename>photo_127.jpg</filename>
	</photo>
	
	<photo>
		<thumbnail>s_photo_128.jpg</thumbnail>
		<filename>photo_128.jpg</filename>
	</photo>
	
	<photo>
		<thumbnail>s_photo_129.jpg</thumbnail>
		<filename>photo_129.jpg</filename>
	</photo>
	
	<photo>
		<thumbnail>s_photo_130.jpg</thumbnail>
		<filename>photo_130.jpg</filename>
	</photo>
	
	<photo>
		<thumbnail>s_photo_101.jpg</thumbnail>
		<filename>photo_101.jpg</filename>
	</photo>
	
	<photo>
		<thumbnail>s_photo_102.jpg</thumbnail>
		<filename>photo_102.jpg</filename>
	</photo>
	
	<photo>
		<thumbnail>s_photo_103.jpg</thumbnail>
		<filename>photo_103.jpg</filename>
	</photo>
	
	<photo>
		<thumbnail>s_photo_104.jpg</thumbnail>
		<filename>photo_104.jpg</filename>
	</photo>
	
	<photo>
		<thumbnail>s_photo_105.jpg</thumbnail>
		<filename>photo_105.jpg</filename>
	</photo>

	<photo>
		<thumbnail>s_photo_106.jpg</thumbnail>
		<filename>photo_106.jpg</filename>
	</photo>
	
	<photo>
		<thumbnail>s_photo_107.jpg</thumbnail>
		<filename>photo_107.jpg</filename>
	</photo>
	
	<photo>
		<thumbnail>s_photo_108.jpg</thumbnail>
		<filename>photo_108.jpg</filename>
	</photo>
	
	<photo>
		<thumbnail>s_photo_109.jpg</thumbnail>
		<filename>photo_109.jpg</filename>
	</photo>
	
	<photo>
		<thumbnail>s_photo_110.jpg</thumbnail>
		<filename>photo_110.jpg</filename>
	</photo>

	<photo>
		<thumbnail>s_photo_111.jpg</thumbnail>
		<filename>photo_111.jpg</filename>
	</photo>
	
	<photo>
		<thumbnail>s_photo_112.jpg</thumbnail>
		<filename>photo_112.jpg</filename>
	</photo>
	
	<photo>
		<thumbnail>s_photo_113.jpg</thumbnail>
		<filename>photo_113.jpg</filename>
	</photo>
	
	<photo>
		<thumbnail>s_photo_114.jpg</thumbnail>
		<filename>photo_114.jpg</filename>
	</photo>
	
	<photo>
		<thumbnail>s_photo_115.jpg</thumbnail>
		<filename>photo_115.jpg</filename>
	</photo>

	<photo>
		<thumbnail>s_photo_116.jpg</thumbnail>
		<filename>photo_116.jpg</filename>
	</photo>
	
	<photo>
		<thumbnail>s_photo_117.jpg</thumbnail>
		<filename>photo_117.jpg</filename>
	</photo>
	
	<photo>
		<thumbnail>s_photo_118.jpg</thumbnail>
		<filename>photo_118.jpg</filename>
	</photo>
	
	<photo>
		<thumbnail>s_photo_119.jpg</thumbnail>
		<filename>photo_119.jpg</filename>
	</photo>
	
	<photo>
		<thumbnail>s_photo_120.jpg</thumbnail>
		<filename>photo_120.jpg</filename>
	</photo>
	
	<photo>
		<thumbnail>s_photo_121.jpg</thumbnail>
		<filename>photo_121.jpg</filename>
	</photo>
	
	<photo>
		<thumbnail>s_photo_122.jpg</thumbnail>
		<filename>photo_122.jpg</filename>
	</photo>
	
	<photo>
		<thumbnail>s_photo_123.jpg</thumbnail>
		<filename>photo_123.jpg</filename>
	</photo>
	
	<photo>
		<thumbnail>s_photo_124.jpg</thumbnail>
		<filename>photo_124.jpg</filename>
	</photo>
	
	<photo>
		<thumbnail>s_photo_125.jpg</thumbnail>
		<filename>photo_125.jpg</filename>
	</photo>

	<photo>
		<thumbnail>s_photo_126.jpg</thumbnail>
		<filename>photo_126.jpg</filename>
	</photo>
	
	<photo>
		<thumbnail>s_photo_127.jpg</thumbnail>
		<filename>photo_127.jpg</filename>
	</photo>
	
	<photo>
		<thumbnail>s_photo_128.jpg</thumbnail>
		<filename>photo_128.jpg</filename>
	</photo>
	
	<photo>
		<thumbnail>s_photo_129.jpg</thumbnail>
		<filename>photo_129.jpg</filename>
	</photo>
	
	<photo>
		<thumbnail>s_photo_130.jpg</thumbnail>
		<filename>photo_130.jpg</filename>
	</photo>
	
	<photo>
		<thumbnail>s_photo_101.jpg</thumbnail>
		<filename>photo_101.jpg</filename>
	</photo>
	
	<photo>
		<thumbnail>s_photo_102.jpg</thumbnail>
		<filename>photo_102.jpg</filename>
	</photo>
	
	<photo>
		<thumbnail>s_photo_103.jpg</thumbnail>
		<filename>photo_103.jpg</filename>
	</photo>
	
	<photo>
		<thumbnail>s_photo_104.jpg</thumbnail>
		<filename>photo_104.jpg</filename>
	</photo>
	
	<photo>
		<thumbnail>s_photo_105.jpg</thumbnail>
		<filename>photo_105.jpg</filename>
	</photo>

	<photo>
		<thumbnail>s_photo_106.jpg</thumbnail>
		<filename>photo_106.jpg</filename>
	</photo>
	
	<photo>
		<thumbnail>s_photo_107.jpg</thumbnail>
		<filename>photo_107.jpg</filename>
	</photo>
	
	<photo>
		<thumbnail>s_photo_108.jpg</thumbnail>
		<filename>photo_108.jpg</filename>
	</photo>
	
	<photo>
		<thumbnail>s_photo_109.jpg</thumbnail>
		<filename>photo_109.jpg</filename>
	</photo>
	
	<photo>
		<thumbnail>s_photo_110.jpg</thumbnail>
		<filename>photo_110.jpg</filename>
	</photo>

	<photo>
		<thumbnail>s_photo_111.jpg</thumbnail>
		<filename>photo_111.jpg</filename>
	</photo>
	
	<photo>
		<thumbnail>s_photo_112.jpg</thumbnail>
		<filename>photo_112.jpg</filename>
	</photo>
	
	<photo>
		<thumbnail>s_photo_113.jpg</thumbnail>
		<filename>photo_113.jpg</filename>
	</photo>
	
	<photo>
		<thumbnail>s_photo_114.jpg</thumbnail>
		<filename>photo_114.jpg</filename>
	</photo>
	
	<photo>
		<thumbnail>s_photo_115.jpg</thumbnail>
		<filename>photo_115.jpg</filename>
	</photo>

	<photo>
		<thumbnail>s_photo_116.jpg</thumbnail>
		<filename>photo_116.jpg</filename>
	</photo>
	
	<photo>
		<thumbnail>s_photo_117.jpg</thumbnail>
		<filename>photo_117.jpg</filename>
	</photo>
	
	<photo>
		<thumbnail>s_photo_118.jpg</thumbnail>
		<filename>photo_118.jpg</filename>
	</photo>
	
	<photo>
		<thumbnail>s_photo_119.jpg</thumbnail>
		<filename>photo_119.jpg</filename>
	</photo>
	
	<photo>
		<thumbnail>s_photo_120.jpg</thumbnail>
		<filename>photo_120.jpg</filename>
	</photo>
	
	<photo>
		<thumbnail>s_photo_121.jpg</thumbnail>
		<filename>photo_121.jpg</filename>
	</photo>
	
	<photo>
		<thumbnail>s_photo_122.jpg</thumbnail>
		<filename>photo_122.jpg</filename>
	</photo>
	
	<photo>
		<thumbnail>s_photo_123.jpg</thumbnail>
		<filename>photo_123.jpg</filename>
	</photo>
	
	<photo>
		<thumbnail>s_photo_124.jpg</thumbnail>
		<filename>photo_124.jpg</filename>
	</photo>
	
	<photo>
		<thumbnail>s_photo_125.jpg</thumbnail>
		<filename>photo_125.jpg</filename>
	</photo>

	<photo>
		<thumbnail>s_photo_126.jpg</thumbnail>
		<filename>photo_126.jpg</filename>
	</photo>
	
	<photo>
		<thumbnail>s_photo_127.jpg</thumbnail>
		<filename>photo_127.jpg</filename>
	</photo>
	
	<photo>
		<thumbnail>s_photo_128.jpg</thumbnail>
		<filename>photo_128.jpg</filename>
	</photo>
	
	<photo>
		<thumbnail>s_photo_129.jpg</thumbnail>
		<filename>photo_129.jpg</filename>
	</photo>
	
	<photo>
		<thumbnail>s_photo_130.jpg</thumbnail>
		<filename>photo_130.jpg</filename>
	</photo>
	
	<photo>
		<thumbnail>s_photo_101.jpg</thumbnail>
		<filename>photo_101.jpg</filename>
	</photo>
	
	<photo>
		<thumbnail>s_photo_102.jpg</thumbnail>
		<filename>photo_102.jpg</filename>
	</photo>
	
	<photo>
		<thumbnail>s_photo_103.jpg</thumbnail>
		<filename>photo_103.jpg</filename>
	</photo>
	
	<photo>
		<thumbnail>s_photo_104.jpg</thumbnail>
		<filename>photo_104.jpg</filename>
	</photo>
	
	<photo>
		<thumbnail>s_photo_105.jpg</thumbnail>
		<filename>photo_105.jpg</filename>
	</photo>

	<photo>
		<thumbnail>s_photo_106.jpg</thumbnail>
		<filename>photo_106.jpg</filename>
	</photo>
	
	<photo>
		<thumbnail>s_photo_107.jpg</thumbnail>
		<filename>photo_107.jpg</filename>
	</photo>
	
	<photo>
		<thumbnail>s_photo_108.jpg</thumbnail>
		<filename>photo_108.jpg</filename>
	</photo>
	
	<photo>
		<thumbnail>s_photo_109.jpg</thumbnail>
		<filename>photo_109.jpg</filename>
	</photo>
	
	<photo>
		<thumbnail>s_photo_110.jpg</thumbnail>
		<filename>photo_110.jpg</filename>
	</photo>

	<photo>
		<thumbnail>s_photo_111.jpg</thumbnail>
		<filename>photo_111.jpg</filename>
	</photo>
	
	<photo>
		<thumbnail>s_photo_112.jpg</thumbnail>
		<filename>photo_112.jpg</filename>
	</photo>
	
	<photo>
		<thumbnail>s_photo_113.jpg</thumbnail>
		<filename>photo_113.jpg</filename>
	</photo>
	
	<photo>
		<thumbnail>s_photo_114.jpg</thumbnail>
		<filename>photo_114.jpg</filename>
	</photo>
	
	<photo>
		<thumbnail>s_photo_115.jpg</thumbnail>
		<filename>photo_115.jpg</filename>
	</photo>

	<photo>
		<thumbnail>s_photo_116.jpg</thumbnail>
		<filename>photo_116.jpg</filename>
	</photo>
	
	<photo>
		<thumbnail>s_photo_117.jpg</thumbnail>
		<filename>photo_117.jpg</filename>
	</photo>
	
	<photo>
		<thumbnail>s_photo_118.jpg</thumbnail>
		<filename>photo_118.jpg</filename>
	</photo>
	
	<photo>
		<thumbnail>s_photo_119.jpg</thumbnail>
		<filename>photo_119.jpg</filename>
	</photo>
	
	<photo>
		<thumbnail>s_photo_120.jpg</thumbnail>
		<filename>photo_120.jpg</filename>
	</photo>
	
	<photo>
		<thumbnail>s_photo_121.jpg</thumbnail>
		<filename>photo_121.jpg</filename>
	</photo>
	
	<photo>
		<thumbnail>s_photo_122.jpg</thumbnail>
		<filename>photo_122.jpg</filename>
	</photo>
	
	<photo>
		<thumbnail>s_photo_123.jpg</thumbnail>
		<filename>photo_123.jpg</filename>
	</photo>
	
	<photo>
		<thumbnail>s_photo_124.jpg</thumbnail>
		<filename>photo_124.jpg</filename>
	</photo>
	
	<photo>
		<thumbnail>s_photo_125.jpg</thumbnail>
		<filename>photo_125.jpg</filename>
	</photo>

	<photo>
		<thumbnail>s_photo_126.jpg</thumbnail>
		<filename>photo_126.jpg</filename>
	</photo>
	
	<photo>
		<thumbnail>s_photo_127.jpg</thumbnail>
		<filename>photo_127.jpg</filename>
	</photo>
	
	<photo>
		<thumbnail>s_photo_128.jpg</thumbnail>
		<filename>photo_128.jpg</filename>
	</photo>
	
	<photo>
		<thumbnail>s_photo_129.jpg</thumbnail>
		<filename>photo_129.jpg</filename>
	</photo>
	
	<photo>
		<thumbnail>s_photo_130.jpg</thumbnail>
		<filename>photo_130.jpg</filename>
	</photo>
	
	<photo>
		<thumbnail>s_photo_101.jpg</thumbnail>
		<filename>photo_101.jpg</filename>
	</photo>
	
	<photo>
		<thumbnail>s_photo_102.jpg</thumbnail>
		<filename>photo_102.jpg</filename>
	</photo>
	
	<photo>
		<thumbnail>s_photo_103.jpg</thumbnail>
		<filename>photo_103.jpg</filename>
	</photo>
	
	<photo>
		<thumbnail>s_photo_104.jpg</thumbnail>
		<filename>photo_104.jpg</filename>
	</photo>
	
	<photo>
		<thumbnail>s_photo_105.jpg</thumbnail>
		<filename>photo_105.jpg</filename>
	</photo>

	<photo>
		<thumbnail>s_photo_106.jpg</thumbnail>
		<filename>photo_106.jpg</filename>
	</photo>
	
	<photo>
		<thumbnail>s_photo_107.jpg</thumbnail>
		<filename>photo_107.jpg</filename>
	</photo>
	
	<photo>
		<thumbnail>s_photo_108.jpg</thumbnail>
		<filename>photo_108.jpg</filename>
	</photo>
	
	<photo>
		<thumbnail>s_photo_109.jpg</thumbnail>
		<filename>photo_109.jpg</filename>
	</photo>
	
	<photo>
		<thumbnail>s_photo_110.jpg</thumbnail>
		<filename>photo_110.jpg</filename>
	</photo>

	<photo>
		<thumbnail>s_photo_111.jpg</thumbnail>
		<filename>photo_111.jpg</filename>
	</photo>
	
	<photo>
		<thumbnail>s_photo_112.jpg</thumbnail>
		<filename>photo_112.jpg</filename>
	</photo>
	
	<photo>
		<thumbnail>s_photo_113.jpg</thumbnail>
		<filename>photo_113.jpg</filename>
	</photo>
	
	<photo>
		<thumbnail>s_photo_114.jpg</thumbnail>
		<filename>photo_114.jpg</filename>
	</photo>
	
	<photo>
		<thumbnail>s_photo_115.jpg</thumbnail>
		<filename>photo_115.jpg</filename>
	</photo>

	<photo>
		<thumbnail>s_photo_116.jpg</thumbnail>
		<filename>photo_116.jpg</filename>
	</photo>
	
	<photo>
		<thumbnail>s_photo_117.jpg</thumbnail>
		<filename>photo_117.jpg</filename>
	</photo>
	
	<photo>
		<thumbnail>s_photo_118.jpg</thumbnail>
		<filename>photo_118.jpg</filename>
	</photo>
	
	<photo>
		<thumbnail>s_photo_119.jpg</thumbnail>
		<filename>photo_119.jpg</filename>
	</photo>
	
	<photo>
		<thumbnail>s_photo_120.jpg</thumbnail>
		<filename>photo_120.jpg</filename>
	</photo>
	
	<photo>
		<thumbnail>s_photo_121.jpg</thumbnail>
		<filename>photo_121.jpg</filename>
	</photo>
	
	<photo>
		<thumbnail>s_photo_122.jpg</thumbnail>
		<filename>photo_122.jpg</filename>
	</photo>
	
	<photo>
		<thumbnail>s_photo_123.jpg</thumbnail>
		<filename>photo_123.jpg</filename>
	</photo>
	
	<photo>
		<thumbnail>s_photo_124.jpg</thumbnail>
		<filename>photo_124.jpg</filename>
	</photo>
	
	<photo>
		<thumbnail>s_photo_125.jpg</thumbnail>
		<filename>photo_125.jpg</filename>
	</photo>

	<photo>
		<thumbnail>s_photo_126.jpg</thumbnail>
		<filename>photo_126.jpg</filename>
	</photo>
	
	<photo>
		<thumbnail>s_photo_127.jpg</thumbnail>
		<filename>photo_127.jpg</filename>
	</photo>
	
	<photo>
		<thumbnail>s_photo_128.jpg</thumbnail>
		<filename>photo_128.jpg</filename>
	</photo>
	
	<photo>
		<thumbnail>s_photo_129.jpg</thumbnail>
		<filename>photo_129.jpg</filename>
	</photo>
	
	<photo>
		<thumbnail>s_photo_130.jpg</thumbnail>
		<filename>photo_130.jpg</filename>
	</photo>
	
	<photo>
		<thumbnail>s_photo_101.jpg</thumbnail>
		<filename>photo_101.jpg</filename>
	</photo>
	
	<photo>
		<thumbnail>s_photo_102.jpg</thumbnail>
		<filename>photo_102.jpg</filename>
	</photo>
	
	<photo>
		<thumbnail>s_photo_103.jpg</thumbnail>
		<filename>photo_103.jpg</filename>
	</photo>
	
	<photo>
		<thumbnail>s_photo_104.jpg</thumbnail>
		<filename>photo_104.jpg</filename>
	</photo>
	
	<photo>
		<thumbnail>s_photo_105.jpg</thumbnail>
		<filename>photo_105.jpg</filename>
	</photo>

	<photo>
		<thumbnail>s_photo_106.jpg</thumbnail>
		<filename>photo_106.jpg</filename>
	</photo>
	
	<photo>
		<thumbnail>s_photo_107.jpg</thumbnail>
		<filename>photo_107.jpg</filename>
	</photo>
	
	<photo>
		<thumbnail>s_photo_108.jpg</thumbnail>
		<filename>photo_108.jpg</filename>
	</photo>
	
	<photo>
		<thumbnail>s_photo_109.jpg</thumbnail>
		<filename>photo_109.jpg</filename>
	</photo>
	
	<photo>
		<thumbnail>s_photo_110.jpg</thumbnail>
		<filename>photo_110.jpg</filename>
	</photo>

	<photo>
		<thumbnail>s_photo_111.jpg</thumbnail>
		<filename>photo_111.jpg</filename>
	</photo>
	
	<photo>
		<thumbnail>s_photo_112.jpg</thumbnail>
		<filename>photo_112.jpg</filename>
	</photo>
	
	<photo>
		<thumbnail>s_photo_113.jpg</thumbnail>
		<filename>photo_113.jpg</filename>
	</photo>
	
	<photo>
		<thumbnail>s_photo_114.jpg</thumbnail>
		<filename>photo_114.jpg</filename>
	</photo>
	
	<photo>
		<thumbnail>s_photo_115.jpg</thumbnail>
		<filename>photo_115.jpg</filename>
	</photo>

	<photo>
		<thumbnail>s_photo_116.jpg</thumbnail>
		<filename>photo_116.jpg</filename>
	</photo>
	
	<photo>
		<thumbnail>s_photo_117.jpg</thumbnail>
		<filename>photo_117.jpg</filename>
	</photo>
	
	<photo>
		<thumbnail>s_photo_118.jpg</thumbnail>
		<filename>photo_118.jpg</filename>
	</photo>
	
	<photo>
		<thumbnail>s_photo_119.jpg</thumbnail>
		<filename>photo_119.jpg</filename>
	</photo>
	
	<photo>
		<thumbnail>s_photo_120.jpg</thumbnail>
		<filename>photo_120.jpg</filename>
	</photo>
	
	<photo>
		<thumbnail>s_photo_121.jpg</thumbnail>
		<filename>photo_121.jpg</filename>
	</photo>
	
	<photo>
		<thumbnail>s_photo_122.jpg</thumbnail>
		<filename>photo_122.jpg</filename>
	</photo>
	
	<photo>
		<thumbnail>s_photo_123.jpg</thumbnail>
		<filename>photo_123.jpg</filename>
	</photo>
	
	<photo>
		<thumbnail>s_photo_124.jpg</thumbnail>
		<filename>photo_124.jpg</filename>
	</photo>
	
	<photo>
		<thumbnail>s_photo_125.jpg</thumbnail>
		<filename>photo_125.jpg</filename>
	</photo>

	<photo>
		<thumbnail>s_photo_126.jpg</thumbnail>
		<filename>photo_126.jpg</filename>
	</photo>
	
	<photo>
		<thumbnail>s_photo_127.jpg</thumbnail>
		<filename>photo_127.jpg</filename>
	</photo>
	
	<photo>
		<thumbnail>s_photo_128.jpg</thumbnail>
		<filename>photo_128.jpg</filename>
	</photo>
	
	<photo>
		<thumbnail>s_photo_129.jpg</thumbnail>
		<filename>photo_129.jpg</filename>
	</photo>
	
	<photo>
		<thumbnail>s_photo_130.jpg</thumbnail>
		<filename>photo_130.jpg</filename>
	</photo>
	
	<photo>
		<thumbnail>s_photo_101.jpg</thumbnail>
		<filename>photo_101.jpg</filename>
	</photo>
	
	<photo>
		<thumbnail>s_photo_102.jpg</thumbnail>
		<filename>photo_102.jpg</filename>
	</photo>
	
	<photo>
		<thumbnail>s_photo_103.jpg</thumbnail>
		<filename>photo_103.jpg</filename>
	</photo>
	
	<photo>
		<thumbnail>s_photo_104.jpg</thumbnail>
		<filename>photo_104.jpg</filename>
	</photo>
	
	<photo>
		<thumbnail>s_photo_105.jpg</thumbnail>
		<filename>photo_105.jpg</filename>
	</photo>

	<photo>
		<thumbnail>s_photo_106.jpg</thumbnail>
		<filename>photo_106.jpg</filename>
	</photo>
	
	<photo>
		<thumbnail>s_photo_107.jpg</thumbnail>
		<filename>photo_107.jpg</filename>
	</photo>
	
	<photo>
		<thumbnail>s_photo_108.jpg</thumbnail>
		<filename>photo_108.jpg</filename>
	</photo>
	
	<photo>
		<thumbnail>s_photo_109.jpg</thumbnail>
		<filename>photo_109.jpg</filename>
	</photo>
	
	<photo>
		<thumbnail>s_photo_110.jpg</thumbnail>
		<filename>photo_110.jpg</filename>
	</photo>

	<photo>
		<thumbnail>s_photo_111.jpg</thumbnail>
		<filename>photo_111.jpg</filename>
	</photo>
	
	<photo>
		<thumbnail>s_photo_112.jpg</thumbnail>
		<filename>photo_112.jpg</filename>
	</photo>
	
	<photo>
		<thumbnail>s_photo_113.jpg</thumbnail>
		<filename>photo_113.jpg</filename>
	</photo>
	
	<photo>
		<thumbnail>s_photo_114.jpg</thumbnail>
		<filename>photo_114.jpg</filename>
	</photo>
	
	<photo>
		<thumbnail>s_photo_115.jpg</thumbnail>
		<filename>photo_115.jpg</filename>
	</photo>

	<photo>
		<thumbnail>s_photo_116.jpg</thumbnail>
		<filename>photo_116.jpg</filename>
	</photo>
	
	<photo>
		<thumbnail>s_photo_117.jpg</thumbnail>
		<filename>photo_117.jpg</filename>
	</photo>
	
	<photo>
		<thumbnail>s_photo_118.jpg</thumbnail>
		<filename>photo_118.jpg</filename>
	</photo>
	
	<photo>
		<thumbnail>s_photo_119.jpg</thumbnail>
		<filename>photo_119.jpg</filename>
	</photo>
	
	<photo>
		<thumbnail>s_photo_120.jpg</thumbnail>
		<filename>photo_120.jpg</filename>
	</photo>
	
	<photo>
		<thumbnail>s_photo_121.jpg</thumbnail>
		<filename>photo_121.jpg</filename>
	</photo>
	
	<photo>
		<thumbnail>s_photo_122.jpg</thumbnail>
		<filename>photo_122.jpg</filename>
	</photo>
	
	<photo>
		<thumbnail>s_photo_123.jpg</thumbnail>
		<filename>photo_123.jpg</filename>
	</photo>
	
	<photo>
		<thumbnail>s_photo_124.jpg</thumbnail>
		<filename>photo_124.jpg</filename>
	</photo>
	
	<photo>
		<thumbnail>s_photo_125.jpg</thumbnail>
		<filename>photo_125.jpg</filename>
	</photo>

	<photo>
		<thumbnail>s_photo_126.jpg</thumbnail>
		<filename>photo_126.jpg</filename>
	</photo>
	
	<photo>
		<thumbnail>s_photo_127.jpg</thumbnail>
		<filename>photo_127.jpg</filename>
	</photo>
	
	<photo>
		<thumbnail>s_photo_128.jpg</thumbnail>
		<filename>photo_128.jpg</filename>
	</photo>
	
	<photo>
		<thumbnail>s_photo_129.jpg</thumbnail>
		<filename>photo_129.jpg</filename>
	</photo>
	
	<photo>
		<thumbnail>s_photo_130.jpg</thumbnail>
		<filename>photo_130.jpg</filename>
	</photo>
	
	<photo>
		<thumbnail>s_photo_101.jpg</thumbnail>
		<filename>photo_101.jpg</filename>
	</photo>
	
	<photo>
		<thumbnail>s_photo_102.jpg</thumbnail>
		<filename>photo_102.jpg</filename>
	</photo>
	
	<photo>
		<thumbnail>s_photo_103.jpg</thumbnail>
		<filename>photo_103.jpg</filename>
	</photo>
	
	<photo>
		<thumbnail>s_photo_104.jpg</thumbnail>
		<filename>photo_104.jpg</filename>
	</photo>
	
	<photo>
		<thumbnail>s_photo_105.jpg</thumbnail>
		<filename>photo_105.jpg</filename>
	</photo>

	<photo>
		<thumbnail>s_photo_106.jpg</thumbnail>
		<filename>photo_106.jpg</filename>
	</photo>
	
	<photo>
		<thumbnail>s_photo_107.jpg</thumbnail>
		<filename>photo_107.jpg</filename>
	</photo>
	
	<photo>
		<thumbnail>s_photo_108.jpg</thumbnail>
		<filename>photo_108.jpg</filename>
	</photo>
	
	<photo>
		<thumbnail>s_photo_109.jpg</thumbnail>
		<filename>photo_109.jpg</filename>
	</photo>
	
	<photo>
		<thumbnail>s_photo_110.jpg</thumbnail>
		<filename>photo_110.jpg</filename>
	</photo>

	<photo>
		<thumbnail>s_photo_111.jpg</thumbnail>
		<filename>photo_111.jpg</filename>
	</photo>
	
	<photo>
		<thumbnail>s_photo_112.jpg</thumbnail>
		<filename>photo_112.jpg</filename>
	</photo>
	
	<photo>
		<thumbnail>s_photo_113.jpg</thumbnail>
		<filename>photo_113.jpg</filename>
	</photo>
	
	<photo>
		<thumbnail>s_photo_114.jpg</thumbnail>
		<filename>photo_114.jpg</filename>
	</photo>
	
	<photo>
		<thumbnail>s_photo_115.jpg</thumbnail>
		<filename>photo_115.jpg</filename>
	</photo>

	<photo>
		<thumbnail>s_photo_116.jpg</thumbnail>
		<filename>photo_116.jpg</filename>
	</photo>
	
	<photo>
		<thumbnail>s_photo_117.jpg</thumbnail>
		<filename>photo_117.jpg</filename>
	</photo>
	
	<photo>
		<thumbnail>s_photo_118.jpg</thumbnail>
		<filename>photo_118.jpg</filename>
	</photo>
	
	<photo>
		<thumbnail>s_photo_119.jpg</thumbnail>
		<filename>photo_119.jpg</filename>
	</photo>
	
	<photo>
		<thumbnail>s_photo_120.jpg</thumbnail>
		<filename>photo_120.jpg</filename>
	</photo>
	
	<photo>
		<thumbnail>s_photo_121.jpg</thumbnail>
		<filename>photo_121.jpg</filename>
	</photo>
	
	<photo>
		<thumbnail>s_photo_122.jpg</thumbnail>
		<filename>photo_122.jpg</filename>
	</photo>
	
	<photo>
		<thumbnail>s_photo_123.jpg</thumbnail>
		<filename>photo_123.jpg</filename>
	</photo>
	
	<photo>
		<thumbnail>s_photo_124.jpg</thumbnail>
		<filename>photo_124.jpg</filename>
	</photo>
	
	<photo>
		<thumbnail>s_photo_125.jpg</thumbnail>
		<filename>photo_125.jpg</filename>
	</photo>

	<photo>
		<thumbnail>s_photo_126.jpg</thumbnail>
		<filename>photo_126.jpg</filename>
	</photo>
	
	<photo>
		<thumbnail>s_photo_127.jpg</thumbnail>
		<filename>photo_127.jpg</filename>
	</photo>
	
	<photo>
		<thumbnail>s_photo_128.jpg</thumbnail>
		<filename>photo_128.jpg</filename>
	</photo>
	
	<photo>
		<thumbnail>s_photo_129.jpg</thumbnail>
		<filename>photo_129.jpg</filename>
	</photo>
	
	<photo>
		<thumbnail>s_photo_130.jpg</thumbnail>
		<filename>photo_130.jpg</filename>
	</photo>

</photos>