<?xml version="1.0" encoding="utf-8"?>
<photos>
	
	<config
		folder="photos/"
		enable_fullscreen="true"
		drag_speed="2.4"	

		thumbnail_complete_fillup="false"
		thumbnail_random_scale="true"
		thumbnail_black_white="true"
		thumbnail_size="150"
		thumbnail_gap="1"
		
		photo_border_size="10"
		photo_border_color="#FFFFFF"
		
		close_button="true"
		previous_button="true"
		next_button="true"
		
		description="true"
		description_bg_color="#000000"
		description_bg_alpha="0.7"
		css_file="flashmo_210_style.css"
		tween_duration="0.5">
	</config>
	
	<photo>
		<thumbnail>s_photo_101.jpg</thumbnail>
		<filename>photo_101.jpg</filename>
		<description><![CDATA[<p class="subtitle">Photo Title 01 goes here</p><p><a href="http://www.flashmo.com/donate" target="_parent">Lorem ipsum dolor sit amet</a>, consectetur adipiscing elit. <span class="highlight">Quisque at ante sit amet</span> erat laoreet <u>fermentum</u>. Quisque nec nisl. Nam scelerisque cursus dolor. Duis nulla diam, posuere ac, varius id, ullamcorper sit amet, libero.</p><p><span class="note">This text is dynamically loaded from the external XML file. This textfield supports HTML and CSS.</span></p>]]></description>
	</photo>
	
	<photo>
		<thumbnail>s_photo_102.jpg</thumbnail>
		<filename>photo_102.jpg</filename>
		<description><![CDATA[<p class="subtitle">Photo Title 02 goes here</p><p><a href="http://www.flashmo.com/page/1" target="_blank">Fusce quis diam sit</a> amet tortor luctus pellentesque. Donec accumsan urna non elit tristique mattis. <b>Vivamus fermentum</b> orci viverra nisl. Quisque nec nisl.</p>]]></description>
	</photo>
	
	<photo>
		<thumbnail>s_photo_103.jpg</thumbnail>
		<filename>photo_103.jpg</filename>
		<description><![CDATA[<p class="subtitle">Photo Title 03 goes here</p><p>In velit urna, <u>convallis id</u>, pharetra in, iaculis sit amet, mi. Praesent consectetur imperdiet mauris. Suspendisse at pede vel lorem pulvinar laoreet. Etiam et neque. Donec dapibus viverra est.</p><p><span class="note">This text is dynamically loaded from the external XML file. This textfield supports HTML and CSS.</span></p>]]></description>
	</photo>
	
	<photo>
		<thumbnail>s_photo_104.jpg</thumbnail>
		<filename>photo_104.jpg</filename>
		<description><![CDATA[<p class="subtitle">Photo Title 04 goes here</p><p><a href="http://www.flashmo.com/page/1" target="_blank">Mauris vestibulum felis</a> eget tortor. Praesent mattis varius quam. Vestibulum ullamcorper ipsum nec augue. Vestibulum auctor odio eget ante. <span class="note">Mauris et elit quis mauris aliquet luctus.</span></p>]]></description>
	</photo>
	
	<photo>
		<thumbnail>s_photo_105.jpg</thumbnail>
		<filename>photo_105.jpg</filename>
		<description><![CDATA[<p class="subtitle">Photo Title 05 goes here</p><p><a href="http://www.flashmo.com" target="_parent">Flash Templates</a> - Nunc ac diam viverra massa condimentum dictum. Fusce felis ante, volutpat vel vulputate eu, tincidunt ac orci. Vestibulum sed mattis lorem. Pellentesque dapibus viverra velit sed rutrum.</p>]]></description>
	</photo>

	<photo>
		<thumbnail>s_photo_106.jpg</thumbnail>
		<filename>photo_106.jpg</filename>
		<description><![CDATA[<p class="subtitle">Photo Title 06 goes here</p><p>Praesent consectetur imperdiet mauris. Suspendisse at pede vel lorem pulvinar laoreet. <a href="http://www.flashmo.com" target="_parent">Donec dapibus</a> viverra est. Pellentesque elementum enim a augue in nisi.</p><p><span class="highlight">Nunc commodo, magna pharetra semper vehicula, dui ligula feugiat elit, et euismod nunc orci ut libero.</span></p>]]></description>
	</photo>
	
	<photo>
		<thumbnail>s_photo_107.jpg</thumbnail>
		<filename>photo_107.jpg</filename>
		<description><![CDATA[<p class="subtitle">Photo Title 07 goes here</p><p>Lorem ipsum dolor sit amet, consectetur adipiscing elit. <span class="highlight">Quisque at ante sit amet</span> erat laoreet <u>fermentum</u>. Quisque nec nisl. Nam scelerisque cursus dolor. <a href="http://www.flashmo.com/donate" target="_parent">Integer vel sapien quis</a> risus egestas suscipit. Nam enim odio, placerat a suscipit eget, porttitor et ipsum.</p>]]></description>
	</photo>
	
	<photo>
		<thumbnail>s_photo_108.jpg</thumbnail>
		<filename>photo_108.jpg</filename>
		<description><![CDATA[<p class="subtitle">Photo Title 08 goes here</p><p><span class="highlight">Quisque at ante sit amet</span> erat laoreet <u>fermentum</u>. Quisque nec nisl. Nam scelerisque cursus dolor. <a href="http://www.flashmo.com/page/1" target="_blank">Integer vel sapien quis</a> risus egestas suscipit. Praesent consectetur imperdiet mauris.</p>]]></description>
	</photo>
	
	<photo>
		<thumbnail>s_photo_109.jpg</thumbnail>
		<filename>photo_109.jpg</filename>
		<description><![CDATA[<p class="subtitle">Photo Title 09 goes here</p><p><a href="http://www.flashmo.com" target="_parent">Lorem ipsum dolor sit amet</a>, consectetur adipiscing elit. <span class="highlight">Quisque at ante sit amet</span> erat laoreet <u>fermentum</u>. Etiam sit amet turpis. Duis nulla diam, posuere ac, varius id, ullamcorper sit amet, libero.</p><p><span class="note">This text is dynamically loaded from the external XML file. This textfield supports HTML and CSS.</span></p>]]></description>
	</photo>
	
	<photo>
		<thumbnail>s_photo_110.jpg</thumbnail>
		<filename>photo_110.jpg</filename>
		<description><![CDATA[<p class="subtitle">Photo Title 10 goes here</p><p><a href="http://www.flashmo.com/donate" target="_blank">Fusce quis diam sit</a> amet tortor luctus pellentesque. <b>Vivamus fermentum</b> orci viverra nisl. In nec magna id ipsum aliquam dictum. Donec euismod enim et risus.</p><p><span class="note">This textfield supports HTML and CSS.</span></p>]]></description>
	</photo>

	<photo>
		<thumbnail>s_photo_111.jpg</thumbnail>
		<filename>photo_111.jpg</filename>
		<description><![CDATA[<p class="subtitle">Photo Title 11 goes here</p><p>In velit urna, <u>convallis id</u>, pharetra in, iaculis sit amet, mi. Praesent consectetur imperdiet mauris. Suspendisse at pede vel lorem pulvinar laoreet. Etiam et neque. Donec dapibus viverra est.</p><p><span class="note">This text is dynamically loaded from the external XML file. This textfield supports HTML and CSS.</span></p>]]></description>
	</photo>
	
	<photo>
		<thumbnail>s_photo_112.jpg</thumbnail>
		<filename>photo_112.jpg</filename>
		<description><![CDATA[<p class="subtitle">Photo Title 12 goes here</p><p>Praesent mattis varius quam. Vestibulum ullamcorper ipsum nec augue. Nunc commodo, magna pharetra semper vehicula, dui ligula feugiat elit, et euismod nunc orci ut libero. <span class="note"><a href="http://www.flashmo.com/donate" target="_blank">Mauris vestibulum felis</a> eget tortor. Etiam sodales massa vel metus. Mauris et elit quis mauris aliquet luctus.</span></p>]]></description>
	</photo>
	
	<photo>
		<thumbnail>s_photo_113.jpg</thumbnail>
		<filename>photo_113.jpg</filename>
		<description><![CDATA[<p class="subtitle">Photo Title 13 goes here</p><p>Nunc aliquam, dolor vitae sollicitudin lacinia, nibh orci sagittis diam, dignissim sodales dui erat nec eros. <a href="http://www.flashmo.com" target="_parent">Aenean eleifend</a>, neque hendrerit elementum sodales, odio erat sagittis quam, sed tempor orci magna vitae tellus. Lorem ipsum dolor sit. Fusce quis enim.</p><p><span class="note">Quisque nec nisl. Nam scelerisque cursus dolor.</span></p>]]></description>
	</photo>
	
	<photo>
		<thumbnail>s_photo_114.jpg</thumbnail>
		<filename>photo_114.jpg</filename>
		<description><![CDATA[<p class="subtitle">Photo Title 14 goes here</p><p>In velit urna, convallis id, pharetra in, iaculis sit amet, mi. Praesent consectetur imperdiet mauris. Suspendisse at pede vel lorem pulvinar laoreet. Etiam et neque. <a href="http://www.flashmo.com/page/1" target="_parent">Donec dapibus</a> viverra est.</p>]]></description>
	</photo>
	
	<photo>
		<thumbnail>s_photo_115.jpg</thumbnail>
		<filename>photo_115.jpg</filename>
		<description><![CDATA[<p class="subtitle">Photo Title 15 goes here</p><p>Lorem ipsum dolor sit amet, consectetur adipiscing elit. <span class="highlight">Quisque at ante sit amet</span> erat laoreet <u>fermentum</u>. Quisque nec nisl. Nam scelerisque cursus dolor. <a href="http://www.flashmo.com" target="_parent">Integer vel sapien quis</a> risus egestas suscipit. Nam lorem tortor, viverra gravida, egestas id, pellentesque in, mi.</p>]]></description>
	</photo>

	<photo>
		<thumbnail>s_photo_116.jpg</thumbnail>
		<filename>photo_116.jpg</filename>
		<description><![CDATA[<p class="subtitle">Photo Title 16 goes here</p><p><a href="http://www.flashmo.com" target="_blank">Integer vel sapien quis</a> risus egestas suscipit. Nam lorem tortor, viverra gravida, egestas id, pellentesque in, mi. This text is dynamically loaded from the external XML file.</p>]]></description>
	</photo>
	
	<photo>
		<thumbnail>s_photo_117.jpg</thumbnail>
		<filename>photo_117.jpg</filename>
		<description><![CDATA[<p class="subtitle">Photo Title 17 goes here</p><p><a href="http://www.flashmo.com" target="_parent">Lorem ipsum dolor sit amet</a>, consectetur adipiscing elit. <span class="highlight">Quisque at ante sit amet</span> erat laoreet <u>fermentum</u>. Quisque nec nisl. Nam scelerisque cursus dolor. Pellentesque elementum enim a augue. Donec in nisi. Etiam sit amet turpis. Duis nulla diam, posuere ac, varius id, ullamcorper sit amet, libero.</p>]]></description>
	</photo>
	
	<photo>
		<thumbnail>s_photo_118.jpg</thumbnail>
		<filename>photo_118.jpg</filename>
		<description><![CDATA[<p class="subtitle">Photo Title 18 goes here</p><p><a href="http://www.flashmo.com/donate" target="_blank">Fusce quis diam sit</a> amet tortor luctus pellentesque. Donec accumsan urna non elit tristique mattis. <b>Vivamus fermentum</b> orci viverra nisl. In nec magna id ipsum aliquam dictum.</p>]]></description>
	</photo>
	
	<photo>
		<thumbnail>s_photo_119.jpg</thumbnail>
		<filename>photo_119.jpg</filename>
		<description><![CDATA[<p class="subtitle">Photo Title 19 goes here</p><p><a href="http://www.flashmo.com/donate" target="_parent">Lorem ipsum dolor sit amet</a>, consectetur adipiscing elit. <span class="highlight">Quisque at ante sit amet</span> erat laoreet <u>fermentum</u>. Quisque nec nisl. Nam scelerisque cursus dolor. Duis nulla diam, posuere ac, varius id, ullamcorper sit amet, libero.</p><p><span class="note">This text is dynamically loaded from the external XML file. This textfield supports HTML and CSS.</span></p>]]></description>
	</photo>
	
	<photo>
		<thumbnail>s_photo_120.jpg</thumbnail>
		<filename>photo_120.jpg</filename>
		<description><![CDATA[<p class="subtitle">Photo Title 20 goes here</p><p><a href="http://www.flashmo.com/donate" target="_blank">Mauris vestibulum felis</a> eget tortor. Praesent mattis varius quam. Vestibulum ullamcorper ipsum nec augue. Pellentesque id semper magna. Nunc commodo, magna pharetra semper vehicula, dui ligula feugiat elit, et euismod nunc orci ut libero.</p>]]></description>
	</photo>
	
	<photo>
		<thumbnail>s_photo_121.jpg</thumbnail>
		<filename>photo_121.jpg</filename>
		<description><![CDATA[<p class="subtitle">Photo Title 21 goes here</p><p><a href="http://www.flashmo.com/donate" target="_parent">Lorem ipsum dolor sit amet</a>, consectetur adipiscing elit. <span class="highlight">Quisque at ante sit amet</span> erat laoreet <u>fermentum</u>. Quisque nec nisl. Nam scelerisque cursus dolor. Duis nulla diam, posuere ac, varius id, ullamcorper sit amet, libero.</p><p><span class="note">This text is dynamically loaded from the external XML file. This textfield supports HTML and CSS.</span></p>]]></description>
	</photo>
	
	<photo>
		<thumbnail>s_photo_122.jpg</thumbnail>
		<filename>photo_122.jpg</filename>
		<description><![CDATA[<p class="subtitle">Photo Title 22 goes here</p><p>Donec accumsan urna non elit tristique mattis. <a href="http://www.flashmo.com/page/1" target="_blank">Fusce quis diam sit</a> amet tortor luctus pellentesque. Maecenas tincidunt, magna a aliquam placerat, diam dui gravida nulla, eu consectetur sapien enim sit amet velit. Mauris ac mi risus, sit amet facilisis dui. Ut cursus aliquam dignissim.</p>]]></description>
	</photo>
	
	<photo>
		<thumbnail>s_photo_123.jpg</thumbnail>
		<filename>photo_123.jpg</filename>
		<description><![CDATA[<p class="subtitle">Photo Title 23 goes here</p><p>In velit urna, <u>convallis id</u>, pharetra in, iaculis sit amet, mi. Praesent consectetur imperdiet mauris. Suspendisse at pede vel lorem pulvinar laoreet. Etiam et neque. Donec dapibus viverra est.</p><p><span class="note">This text is dynamically loaded from the external XML file. This textfield supports HTML and CSS.</span></p>]]></description>
	</photo>
	
	<photo>
		<thumbnail>s_photo_124.jpg</thumbnail>
		<filename>photo_124.jpg</filename>
		<description><![CDATA[<p class="subtitle">Photo Title 24 goes here</p><p>Download Free <a href="http://www.flashmo.com/page/1" target="_blank">Flash Templates</a> for your websites. Praesent mattis varius quam. Vestibulum ullamcorper ipsum nec augue. Nunc commodo, magna pharetra semper vehicula, dui ligula feugiat elit, et euismod nunc orci ut libero. Etiam sodales massa vel metus.</p>]]></description>
	</photo>
	
	<photo>
		<thumbnail>s_photo_125.jpg</thumbnail>
		<filename>photo_125.jpg</filename>
		<description><![CDATA[<p class="subtitle">Photo Title 25 goes here</p><p>Nunc aliquam, dolor vitae sollicitudin lacinia, nibh orci sagittis diam, dignissim sodales dui erat nec eros. Fusce sit amet lectus id enim semper ullamcorper. Morbi at auctor leo. Suspendisse leo turpis, adipiscing in bibendum vel, lobortis nec ligula. Nunc sit amet arcu neque.</p>]]></description>
	</photo>

	<photo>
		<thumbnail>s_photo_126.jpg</thumbnail>
		<filename>photo_126.jpg</filename>
		<description><![CDATA[<p class="subtitle">Photo Title 26 goes here</p><p>Suspendisse at pede vel lorem pulvinar laoreet. Download <a href="http://www.flashmo.com" target="_parent">Free Flash Gallery</a> for your websites. Praesent consectetur imperdiet mauris. Ut interdum pellentesque vehicula. Nunc odio nisi, adipiscing nec facilisis ac, fringilla et enim. Phasellus a massa at sem posuere tristique.</p>]]></description>
	</photo>
	
	<photo>
		<thumbnail>s_photo_127.jpg</thumbnail>
		<filename>photo_127.jpg</filename>
		<description><![CDATA[<p class="subtitle">Photo Title 27 goes here</p><p><span class="highlight">Lorem ipsum dolor sit amet, consectetur adipiscing elit.</span> Quisque at ante sit amet erat laoreet <u>fermentum</u>. Nam scelerisque cursus dolor. <a href="http://www.flashmo.com/donate" target="_parent">Integer vel sapien quis</a> risus egestas suscipit. Nam lorem tortor, viverra gravida, egestas id, pellentesque in, mi.</p>]]></description>
	</photo>
	
	<photo>
		<thumbnail>s_photo_128.jpg</thumbnail>
		<filename>photo_128.jpg</filename>
		<description><![CDATA[<p class="subtitle">Photo Title 28 goes here</p><p>Quisque at ante sit amet erat laoreet <u>fermentum</u>. Quisque nec nisl. Nam scelerisque cursus dolor. <a href="http://www.flashmo.com/page/1" target="_blank">Integer vel sapien quis</a> risus egestas suscipit. Nam lorem tortor, viverra gravida, egestas id, pellentesque in, mi. Praesent consectetur imperdiet mauris. <span class="highlight">Suspendisse at nisi nec diam pretium tincidunt.</span></p>]]></description>
	</photo>
	
	<photo>
		<thumbnail>s_photo_129.jpg</thumbnail>
		<filename>photo_129.jpg</filename>
		<description><![CDATA[<p class="subtitle">Photo Title 29 goes here</p><p>This text is dynamically loaded from the external XML file. This textfield supports HTML and CSS. <a href="http://www.flashmo.com" target="_parent">Lorem ipsum dolor sit amet</a>, consectetur adipiscing elit. Quisque at ante sit amet erat laoreet <u>fermentum</u>. Etiam sit amet turpis. Duis nulla diam, posuere ac, varius id, ullamcorper sit amet, libero.</p>]]></description>
	</photo>
	
	<photo>
		<thumbnail>s_photo_130.jpg</thumbnail>
		<filename>photo_130.jpg</filename>
		<description><![CDATA[<p class="subtitle">Photo Title 30 goes here</p><p><a href="http://www.flashmo.com/donate" target="_blank">Fusce quis diam sit</a> amet tortor luctus pellentesque. <b>Vivamus fermentum</b> orci viverra nisl. Aenean et metus ut odio commodo pretium. In nec magna id ipsum aliquam dictum.</p><p><span class="highlight">This text is dynamically loaded from the external XML file. This textfield supports HTML and CSS.</span></p>]]></description>
	</photo>

	<photo>
		<thumbnail>s_photo_101.jpg</thumbnail>
		<filename>photo_101.jpg</filename>
		<description><![CDATA[<p class="subtitle">Photo Title 31 goes here</p><p><a href="http://www.flashmo.com/donate" target="_parent">Lorem ipsum dolor sit amet</a>, consectetur adipiscing elit. <span class="highlight">Quisque at ante sit amet</span> erat laoreet <u>fermentum</u>. Quisque nec nisl. Nam scelerisque cursus dolor. Duis nulla diam, posuere ac, varius id, ullamcorper sit amet, libero.</p><p><span class="note">This text is dynamically loaded from the external XML file. This textfield supports HTML and CSS.</span></p>]]></description>
	</photo>
	
	<photo>
		<thumbnail>s_photo_102.jpg</thumbnail>
		<filename>photo_102.jpg</filename>
		<description><![CDATA[<p class="subtitle">Photo Title 32 goes here</p><p><a href="http://www.flashmo.com/page/1" target="_blank">Fusce quis diam sit</a> amet tortor luctus pellentesque. Donec accumsan urna non elit tristique mattis. <b>Vivamus fermentum</b> orci viverra nisl. Quisque nec nisl.</p>]]></description>
	</photo>
	
	<photo>
		<thumbnail>s_photo_103.jpg</thumbnail>
		<filename>photo_103.jpg</filename>
		<description><![CDATA[<p class="subtitle">Photo Title 33 goes here</p><p>In velit urna, <u>convallis id</u>, pharetra in, iaculis sit amet, mi. Praesent consectetur imperdiet mauris. Suspendisse at pede vel lorem pulvinar laoreet. Etiam et neque. Donec dapibus viverra est.</p><p><span class="note">This text is dynamically loaded from the external XML file. This textfield supports HTML and CSS.</span></p>]]></description>
	</photo>
	
	<photo>
		<thumbnail>s_photo_104.jpg</thumbnail>
		<filename>photo_104.jpg</filename>
		<description><![CDATA[<p class="subtitle">Photo Title 34 goes here</p><p><a href="http://www.flashmo.com/page/1" target="_blank">Mauris vestibulum felis</a> eget tortor. Praesent mattis varius quam. Vestibulum ullamcorper ipsum nec augue. Vestibulum auctor odio eget ante. <span class="note">Mauris et elit quis mauris aliquet luctus.</span></p>]]></description>
	</photo>
	
	<photo>
		<thumbnail>s_photo_105.jpg</thumbnail>
		<filename>photo_105.jpg</filename>
		<description><![CDATA[<p class="subtitle">Photo Title 35 goes here</p><p><a href="http://www.flashmo.com" target="_parent">Flash Templates</a> - Nunc ac diam viverra massa condimentum dictum. Fusce felis ante, volutpat vel vulputate eu, tincidunt ac orci. Vestibulum sed mattis lorem. Pellentesque dapibus viverra velit sed rutrum.</p>]]></description>
	</photo>

	<photo>
		<thumbnail>s_photo_106.jpg</thumbnail>
		<filename>photo_106.jpg</filename>
		<description><![CDATA[<p class="subtitle">Photo Title 36 goes here</p><p>Praesent consectetur imperdiet mauris. Suspendisse at pede vel lorem pulvinar laoreet. <a href="http://www.flashmo.com" target="_parent">Donec dapibus</a> viverra est. Pellentesque elementum enim a augue in nisi.</p><p><span class="highlight">Nunc commodo, magna pharetra semper vehicula, dui ligula feugiat elit, et euismod nunc orci ut libero.</span></p>]]></description>
	</photo>
	
	<photo>
		<thumbnail>s_photo_107.jpg</thumbnail>
		<filename>photo_107.jpg</filename>
		<description><![CDATA[<p class="subtitle">Photo Title 37 goes here</p><p>Lorem ipsum dolor sit amet, consectetur adipiscing elit. <span class="highlight">Quisque at ante sit amet</span> erat laoreet <u>fermentum</u>. Quisque nec nisl. Nam scelerisque cursus dolor. <a href="http://www.flashmo.com/donate" target="_parent">Integer vel sapien quis</a> risus egestas suscipit. Nam enim odio, placerat a suscipit eget, porttitor et ipsum.</p>]]></description>
	</photo>
	
	<photo>
		<thumbnail>s_photo_108.jpg</thumbnail>
		<filename>photo_108.jpg</filename>
		<description><![CDATA[<p class="subtitle">Photo Title 38 goes here</p><p><span class="highlight">Quisque at ante sit amet</span> erat laoreet <u>fermentum</u>. Quisque nec nisl. Nam scelerisque cursus dolor. <a href="http://www.flashmo.com/page/1" target="_blank">Integer vel sapien quis</a> risus egestas suscipit. Praesent consectetur imperdiet mauris.</p>]]></description>
	</photo>
	
	<photo>
		<thumbnail>s_photo_109.jpg</thumbnail>
		<filename>photo_109.jpg</filename>
		<description><![CDATA[<p class="subtitle">Photo Title 39 goes here</p><p><a href="http://www.flashmo.com" target="_parent">Lorem ipsum dolor sit amet</a>, consectetur adipiscing elit. <span class="highlight">Quisque at ante sit amet</span> erat laoreet <u>fermentum</u>. Etiam sit amet turpis. Duis nulla diam, posuere ac, varius id, ullamcorper sit amet, libero.</p><p><span class="note">This text is dynamically loaded from the external XML file. This textfield supports HTML and CSS.</span></p>]]></description>
	</photo>
	
	<photo>
		<thumbnail>s_photo_110.jpg</thumbnail>
		<filename>photo_110.jpg</filename>
		<description><![CDATA[<p class="subtitle">Photo Title 40 goes here</p><p><a href="http://www.flashmo.com/donate" target="_blank">Fusce quis diam sit</a> amet tortor luctus pellentesque. <b>Vivamus fermentum</b> orci viverra nisl. In nec magna id ipsum aliquam dictum. Donec euismod enim et risus.</p><p><span class="note">This textfield supports HTML and CSS.</span></p>]]></description>
	</photo>

	<photo>
		<thumbnail>s_photo_111.jpg</thumbnail>
		<filename>photo_111.jpg</filename>
		<description><![CDATA[<p class="subtitle">Photo Title 41 goes here</p><p>In velit urna, <u>convallis id</u>, pharetra in, iaculis sit amet, mi. Praesent consectetur imperdiet mauris. Suspendisse at pede vel lorem pulvinar laoreet. Etiam et neque. Donec dapibus viverra est.</p><p><span class="note">This text is dynamically loaded from the external XML file. This textfield supports HTML and CSS.</span></p>]]></description>
	</photo>
	
	<photo>
		<thumbnail>s_photo_112.jpg</thumbnail>
		<filename>photo_112.jpg</filename>
		<description><![CDATA[<p class="subtitle">Photo Title 42 goes here</p><p>Praesent mattis varius quam. Vestibulum ullamcorper ipsum nec augue. Nunc commodo, magna pharetra semper vehicula, dui ligula feugiat elit, et euismod nunc orci ut libero. <span class="note"><a href="http://www.flashmo.com/donate" target="_blank">Mauris vestibulum felis</a> eget tortor. Etiam sodales massa vel metus. Mauris et elit quis mauris aliquet luctus.</span></p>]]></description>
	</photo>
	
	<photo>
		<thumbnail>s_photo_113.jpg</thumbnail>
		<filename>photo_113.jpg</filename>
		<description><![CDATA[<p class="subtitle">Photo Title 43 goes here</p><p>Nunc aliquam, dolor vitae sollicitudin lacinia, nibh orci sagittis diam, dignissim sodales dui erat nec eros. <a href="http://www.flashmo.com" target="_parent">Aenean eleifend</a>, neque hendrerit elementum sodales, odio erat sagittis quam, sed tempor orci magna vitae tellus. Lorem ipsum dolor sit. Fusce quis enim.</p><p><span class="note">Quisque nec nisl. Nam scelerisque cursus dolor.</span></p>]]></description>
	</photo>
	
	<photo>
		<thumbnail>s_photo_114.jpg</thumbnail>
		<filename>photo_114.jpg</filename>
		<description><![CDATA[<p class="subtitle">Photo Title 44 goes here</p><p>In velit urna, convallis id, pharetra in, iaculis sit amet, mi. Praesent consectetur imperdiet mauris. Suspendisse at pede vel lorem pulvinar laoreet. Etiam et neque. <a href="http://www.flashmo.com/page/1" target="_parent">Donec dapibus</a> viverra est.</p>]]></description>
	</photo>
	
	<photo>
		<thumbnail>s_photo_115.jpg</thumbnail>
		<filename>photo_115.jpg</filename>
		<description><![CDATA[<p class="subtitle">Photo Title 45 goes here</p><p>Lorem ipsum dolor sit amet, consectetur adipiscing elit. <span class="highlight">Quisque at ante sit amet</span> erat laoreet <u>fermentum</u>. Quisque nec nisl. Nam scelerisque cursus dolor. <a href="http://www.flashmo.com" target="_parent">Integer vel sapien quis</a> risus egestas suscipit. Nam lorem tortor, viverra gravida, egestas id, pellentesque in, mi.</p>]]></description>
	</photo>

	<photo>
		<thumbnail>s_photo_116.jpg</thumbnail>
		<filename>photo_116.jpg</filename>
		<description><![CDATA[<p class="subtitle">Photo Title 46 goes here</p><p><a href="http://www.flashmo.com" target="_blank">Integer vel sapien quis</a> risus egestas suscipit. Nam lorem tortor, viverra gravida, egestas id, pellentesque in, mi. This text is dynamically loaded from the external XML file.</p>]]></description>
	</photo>
	
	<photo>
		<thumbnail>s_photo_117.jpg</thumbnail>
		<filename>photo_117.jpg</filename>
		<description><![CDATA[<p class="subtitle">Photo Title 47 goes here</p><p><a href="http://www.flashmo.com" target="_parent">Lorem ipsum dolor sit amet</a>, consectetur adipiscing elit. <span class="highlight">Quisque at ante sit amet</span> erat laoreet <u>fermentum</u>. Quisque nec nisl. Nam scelerisque cursus dolor. Pellentesque elementum enim a augue. Donec in nisi. Etiam sit amet turpis. Duis nulla diam, posuere ac, varius id, ullamcorper sit amet, libero.</p>]]></description>
	</photo>
	
	<photo>
		<thumbnail>s_photo_118.jpg</thumbnail>
		<filename>photo_118.jpg</filename>
		<description><![CDATA[<p class="subtitle">Photo Title 48 goes here</p><p><a href="http://www.flashmo.com/donate" target="_blank">Fusce quis diam sit</a> amet tortor luctus pellentesque. Donec accumsan urna non elit tristique mattis. <b>Vivamus fermentum</b> orci viverra nisl. In nec magna id ipsum aliquam dictum.</p>]]></description>
	</photo>
	
	<photo>
		<thumbnail>s_photo_119.jpg</thumbnail>
		<filename>photo_119.jpg</filename>
		<description><![CDATA[<p class="subtitle">Photo Title 49 goes here</p><p><a href="http://www.flashmo.com/donate" target="_parent">Lorem ipsum dolor sit amet</a>, consectetur adipiscing elit. <span class="highlight">Quisque at ante sit amet</span> erat laoreet <u>fermentum</u>. Quisque nec nisl. Nam scelerisque cursus dolor. Duis nulla diam, posuere ac, varius id, ullamcorper sit amet, libero.</p><p><span class="note">This text is dynamically loaded from the external XML file. This textfield supports HTML and CSS.</span></p>]]></description>
	</photo>
	
	<photo>
		<thumbnail>s_photo_120.jpg</thumbnail>
		<filename>photo_120.jpg</filename>
		<description><![CDATA[<p class="subtitle">Photo Title 50 goes here</p><p><a href="http://www.flashmo.com/donate" target="_blank">Mauris vestibulum felis</a> eget tortor. Praesent mattis varius quam. Vestibulum ullamcorper ipsum nec augue. Pellentesque id semper magna. Nunc commodo, magna pharetra semper vehicula, dui ligula feugiat elit, et euismod nunc orci ut libero.</p>]]></description>
	</photo>
	
	<photo>
		<thumbnail>s_photo_121.jpg</thumbnail>
		<filename>photo_121.jpg</filename>
		<description><![CDATA[<p class="subtitle">Photo Title 51 goes here</p><p><a href="http://www.flashmo.com/donate" target="_parent">Lorem ipsum dolor sit amet</a>, consectetur adipiscing elit. <span class="highlight">Quisque at ante sit amet</span> erat laoreet <u>fermentum</u>. Quisque nec nisl. Nam scelerisque cursus dolor. Duis nulla diam, posuere ac, varius id, ullamcorper sit amet, libero.</p><p><span class="note">This text is dynamically loaded from the external XML file. This textfield supports HTML and CSS.</span></p>]]></description>
	</photo>
	
	<photo>
		<thumbnail>s_photo_122.jpg</thumbnail>
		<filename>photo_122.jpg</filename>
		<description><![CDATA[<p class="subtitle">Photo Title 52 goes here</p><p>Donec accumsan urna non elit tristique mattis. <a href="http://www.flashmo.com/page/1" target="_blank">Fusce quis diam sit</a> amet tortor luctus pellentesque. Maecenas tincidunt, magna a aliquam placerat, diam dui gravida nulla, eu consectetur sapien enim sit amet velit. Mauris ac mi risus, sit amet facilisis dui. Ut cursus aliquam dignissim.</p>]]></description>
	</photo>
	
	<photo>
		<thumbnail>s_photo_123.jpg</thumbnail>
		<filename>photo_123.jpg</filename>
		<description><![CDATA[<p class="subtitle">Photo Title 53 goes here</p><p>In velit urna, <u>convallis id</u>, pharetra in, iaculis sit amet, mi. Praesent consectetur imperdiet mauris. Suspendisse at pede vel lorem pulvinar laoreet. Etiam et neque. Donec dapibus viverra est.</p><p><span class="note">This text is dynamically loaded from the external XML file. This textfield supports HTML and CSS.</span></p>]]></description>
	</photo>
	
	<photo>
		<thumbnail>s_photo_124.jpg</thumbnail>
		<filename>photo_124.jpg</filename>
		<description><![CDATA[<p class="subtitle">Photo Title 54 goes here</p><p>Download Free <a href="http://www.flashmo.com/page/1" target="_blank">Flash Templates</a> for your websites. Praesent mattis varius quam. Vestibulum ullamcorper ipsum nec augue. Nunc commodo, magna pharetra semper vehicula, dui ligula feugiat elit, et euismod nunc orci ut libero. Etiam sodales massa vel metus.</p>]]></description>
	</photo>
	
	<photo>
		<thumbnail>s_photo_125.jpg</thumbnail>
		<filename>photo_125.jpg</filename>
		<description><![CDATA[<p class="subtitle">Photo Title 55 goes here</p><p>Nunc aliquam, dolor vitae sollicitudin lacinia, nibh orci sagittis diam, dignissim sodales dui erat nec eros. Fusce sit amet lectus id enim semper ullamcorper. Morbi at auctor leo. Suspendisse leo turpis, adipiscing in bibendum vel, lobortis nec ligula. Nunc sit amet arcu neque.</p>]]></description>
	</photo>

	<photo>
		<thumbnail>s_photo_126.jpg</thumbnail>
		<filename>photo_126.jpg</filename>
		<description><![CDATA[<p class="subtitle">Photo Title 56 goes here</p><p>Suspendisse at pede vel lorem pulvinar laoreet. Download <a href="http://www.flashmo.com" target="_parent">Free Flash Gallery</a> for your websites. Praesent consectetur imperdiet mauris. Ut interdum pellentesque vehicula. Nunc odio nisi, adipiscing nec facilisis ac, fringilla et enim. Phasellus a massa at sem posuere tristique.</p>]]></description>
	</photo>
	
	<photo>
		<thumbnail>s_photo_127.jpg</thumbnail>
		<filename>photo_127.jpg</filename>
		<description><![CDATA[<p class="subtitle">Photo Title 57 goes here</p><p><span class="highlight">Lorem ipsum dolor sit amet, consectetur adipiscing elit.</span> Quisque at ante sit amet erat laoreet <u>fermentum</u>. Nam scelerisque cursus dolor. <a href="http://www.flashmo.com/donate" target="_parent">Integer vel sapien quis</a> risus egestas suscipit. Nam lorem tortor, viverra gravida, egestas id, pellentesque in, mi.</p>]]></description>
	</photo>
	
	<photo>
		<thumbnail>s_photo_128.jpg</thumbnail>
		<filename>photo_128.jpg</filename>
		<description><![CDATA[<p class="subtitle">Photo Title 58 goes here</p><p>Quisque at ante sit amet erat laoreet <u>fermentum</u>. Quisque nec nisl. Nam scelerisque cursus dolor. <a href="http://www.flashmo.com/page/1" target="_blank">Integer vel sapien quis</a> risus egestas suscipit. Nam lorem tortor, viverra gravida, egestas id, pellentesque in, mi. Praesent consectetur imperdiet mauris. <span class="highlight">Suspendisse at nisi nec diam pretium tincidunt.</span></p>]]></description>
	</photo>
	
	<photo>
		<thumbnail>s_photo_129.jpg</thumbnail>
		<filename>photo_129.jpg</filename>
		<description><![CDATA[<p class="subtitle">Photo Title 59 goes here</p><p>This text is dynamically loaded from the external XML file. This textfield supports HTML and CSS. <a href="http://www.flashmo.com" target="_parent">Lorem ipsum dolor sit amet</a>, consectetur adipiscing elit. Quisque at ante sit amet erat laoreet <u>fermentum</u>. Etiam sit amet turpis. Duis nulla diam, posuere ac, varius id, ullamcorper sit amet, libero.</p>]]></description>
	</photo>
	
	<photo>
		<thumbnail>s_photo_130.jpg</thumbnail>
		<filename>photo_130.jpg</filename>
		<description><![CDATA[<p class="subtitle">Photo Title 60 goes here</p><p><a href="http://www.flashmo.com/donate" target="_blank">Fusce quis diam sit</a> amet tortor luctus pellentesque. <b>Vivamus fermentum</b> orci viverra nisl. Aenean et metus ut odio commodo pretium. In nec magna id ipsum aliquam dictum.</p><p><span class="highlight">This text is dynamically loaded from the external XML file. This textfield supports HTML and CSS.</span></p>]]></description>
	</photo>
	
	<photo>
		<thumbnail>s_photo_101.jpg</thumbnail>
		<filename>photo_101.jpg</filename>
		<description><![CDATA[<p class="subtitle">Photo Title 61 goes here</p><p><a href="http://www.flashmo.com/donate" target="_parent">Lorem ipsum dolor sit amet</a>, consectetur adipiscing elit. <span class="highlight">Quisque at ante sit amet</span> erat laoreet <u>fermentum</u>. Quisque nec nisl. Nam scelerisque cursus dolor. Duis nulla diam, posuere ac, varius id, ullamcorper sit amet, libero.</p><p><span class="note">This text is dynamically loaded from the external XML file. This textfield supports HTML and CSS.</span></p>]]></description>
	</photo>
	
	<photo>
		<thumbnail>s_photo_102.jpg</thumbnail>
		<filename>photo_102.jpg</filename>
		<description><![CDATA[<p class="subtitle">Photo Title 62 goes here</p><p><a href="http://www.flashmo.com/page/1" target="_blank">Fusce quis diam sit</a> amet tortor luctus pellentesque. Donec accumsan urna non elit tristique mattis. <b>Vivamus fermentum</b> orci viverra nisl. Quisque nec nisl.</p>]]></description>
	</photo>
	
	<photo>
		<thumbnail>s_photo_103.jpg</thumbnail>
		<filename>photo_103.jpg</filename>
		<description><![CDATA[<p class="subtitle">Photo Title 63 goes here</p><p>In velit urna, <u>convallis id</u>, pharetra in, iaculis sit amet, mi. Praesent consectetur imperdiet mauris. Suspendisse at pede vel lorem pulvinar laoreet. Etiam et neque. Donec dapibus viverra est.</p><p><span class="note">This text is dynamically loaded from the external XML file. This textfield supports HTML and CSS.</span></p>]]></description>
	</photo>
	
	<photo>
		<thumbnail>s_photo_104.jpg</thumbnail>
		<filename>photo_104.jpg</filename>
		<description><![CDATA[<p class="subtitle">Photo Title 64 goes here</p><p><a href="http://www.flashmo.com/page/1" target="_blank">Mauris vestibulum felis</a> eget tortor. Praesent mattis varius quam. Vestibulum ullamcorper ipsum nec augue. Vestibulum auctor odio eget ante. <span class="note">Mauris et elit quis mauris aliquet luctus.</span></p>]]></description>
	</photo>
	
	<photo>
		<thumbnail>s_photo_105.jpg</thumbnail>
		<filename>photo_105.jpg</filename>
		<description><![CDATA[<p class="subtitle">Photo Title 65 goes here</p><p><a href="http://www.flashmo.com" target="_parent">Flash Templates</a> - Nunc ac diam viverra massa condimentum dictum. Fusce felis ante, volutpat vel vulputate eu, tincidunt ac orci. Vestibulum sed mattis lorem. Pellentesque dapibus viverra velit sed rutrum.</p>]]></description>
	</photo>

	<photo>
		<thumbnail>s_photo_106.jpg</thumbnail>
		<filename>photo_106.jpg</filename>
		<description><![CDATA[<p class="subtitle">Photo Title 66 goes here</p><p>Praesent consectetur imperdiet mauris. Suspendisse at pede vel lorem pulvinar laoreet. <a href="http://www.flashmo.com" target="_parent">Donec dapibus</a> viverra est. Pellentesque elementum enim a augue in nisi.</p><p><span class="highlight">Nunc commodo, magna pharetra semper vehicula, dui ligula feugiat elit, et euismod nunc orci ut libero.</span></p>]]></description>
	</photo>
	
	<photo>
		<thumbnail>s_photo_107.jpg</thumbnail>
		<filename>photo_107.jpg</filename>
		<description><![CDATA[<p class="subtitle">Photo Title 67 goes here</p><p>Lorem ipsum dolor sit amet, consectetur adipiscing elit. <span class="highlight">Quisque at ante sit amet</span> erat laoreet <u>fermentum</u>. Quisque nec nisl. Nam scelerisque cursus dolor. <a href="http://www.flashmo.com/donate" target="_parent">Integer vel sapien quis</a> risus egestas suscipit. Nam enim odio, placerat a suscipit eget, porttitor et ipsum.</p>]]></description>
	</photo>
	
	<photo>
		<thumbnail>s_photo_108.jpg</thumbnail>
		<filename>photo_108.jpg</filename>
		<description><![CDATA[<p class="subtitle">Photo Title 68 goes here</p><p><span class="highlight">Quisque at ante sit amet</span> erat laoreet <u>fermentum</u>. Quisque nec nisl. Nam scelerisque cursus dolor. <a href="http://www.flashmo.com/page/1" target="_blank">Integer vel sapien quis</a> risus egestas suscipit. Praesent consectetur imperdiet mauris.</p>]]></description>
	</photo>
	
	<photo>
		<thumbnail>s_photo_109.jpg</thumbnail>
		<filename>photo_109.jpg</filename>
		<description><![CDATA[<p class="subtitle">Photo Title 69 goes here</p><p><a href="http://www.flashmo.com" target="_parent">Lorem ipsum dolor sit amet</a>, consectetur adipiscing elit. <span class="highlight">Quisque at ante sit amet</span> erat laoreet <u>fermentum</u>. Etiam sit amet turpis. Duis nulla diam, posuere ac, varius id, ullamcorper sit amet, libero.</p><p><span class="note">This text is dynamically loaded from the external XML file. This textfield supports HTML and CSS.</span></p>]]></description>
	</photo>
	
	<photo>
		<thumbnail>s_photo_110.jpg</thumbnail>
		<filename>photo_110.jpg</filename>
		<description><![CDATA[<p class="subtitle">Photo Title 70 goes here</p><p><a href="http://www.flashmo.com/donate" target="_blank">Fusce quis diam sit</a> amet tortor luctus pellentesque. <b>Vivamus fermentum</b> orci viverra nisl. In nec magna id ipsum aliquam dictum. Donec euismod enim et risus.</p><p><span class="note">This textfield supports HTML and CSS.</span></p>]]></description>
	</photo>

	<photo>
		<thumbnail>s_photo_111.jpg</thumbnail>
		<filename>photo_111.jpg</filename>
		<description><![CDATA[<p class="subtitle">Photo Title 71 goes here</p><p>In velit urna, <u>convallis id</u>, pharetra in, iaculis sit amet, mi. Praesent consectetur imperdiet mauris. Suspendisse at pede vel lorem pulvinar laoreet. Etiam et neque. Donec dapibus viverra est.</p><p><span class="note">This text is dynamically loaded from the external XML file. This textfield supports HTML and CSS.</span></p>]]></description>
	</photo>
	
	<photo>
		<thumbnail>s_photo_112.jpg</thumbnail>
		<filename>photo_112.jpg</filename>
		<description><![CDATA[<p class="subtitle">Photo Title 72 goes here</p><p>Praesent mattis varius quam. Vestibulum ullamcorper ipsum nec augue. Nunc commodo, magna pharetra semper vehicula, dui ligula feugiat elit, et euismod nunc orci ut libero. <span class="note"><a href="http://www.flashmo.com/donate" target="_blank">Mauris vestibulum felis</a> eget tortor. Etiam sodales massa vel metus. Mauris et elit quis mauris aliquet luctus.</span></p>]]></description>
	</photo>
	
	<photo>
		<thumbnail>s_photo_113.jpg</thumbnail>
		<filename>photo_113.jpg</filename>
		<description><![CDATA[<p class="subtitle">Photo Title 73 goes here</p><p>Nunc aliquam, dolor vitae sollicitudin lacinia, nibh orci sagittis diam, dignissim sodales dui erat nec eros. <a href="http://www.flashmo.com" target="_parent">Aenean eleifend</a>, neque hendrerit elementum sodales, odio erat sagittis quam, sed tempor orci magna vitae tellus. Lorem ipsum dolor sit. Fusce quis enim.</p><p><span class="note">Quisque nec nisl. Nam scelerisque cursus dolor.</span></p>]]></description>
	</photo>
	
	<photo>
		<thumbnail>s_photo_114.jpg</thumbnail>
		<filename>photo_114.jpg</filename>
		<description><![CDATA[<p class="subtitle">Photo Title 74 goes here</p><p>In velit urna, convallis id, pharetra in, iaculis sit amet, mi. Praesent consectetur imperdiet mauris. Suspendisse at pede vel lorem pulvinar laoreet. Etiam et neque. <a href="http://www.flashmo.com/page/1" target="_parent">Donec dapibus</a> viverra est.</p>]]></description>
	</photo>
	
	<photo>
		<thumbnail>s_photo_115.jpg</thumbnail>
		<filename>photo_115.jpg</filename>
		<description><![CDATA[<p class="subtitle">Photo Title 75 goes here</p><p>Lorem ipsum dolor sit amet, consectetur adipiscing elit. <span class="highlight">Quisque at ante sit amet</span> erat laoreet <u>fermentum</u>. Quisque nec nisl. Nam scelerisque cursus dolor. <a href="http://www.flashmo.com" target="_parent">Integer vel sapien quis</a> risus egestas suscipit. Nam lorem tortor, viverra gravida, egestas id, pellentesque in, mi.</p>]]></description>
	</photo>

	<photo>
		<thumbnail>s_photo_116.jpg</thumbnail>
		<filename>photo_116.jpg</filename>
		<description><![CDATA[<p class="subtitle">Photo Title 76 goes here</p><p><a href="http://www.flashmo.com" target="_blank">Integer vel sapien quis</a> risus egestas suscipit. Nam lorem tortor, viverra gravida, egestas id, pellentesque in, mi. This text is dynamically loaded from the external XML file.</p>]]></description>
	</photo>
	
	<photo>
		<thumbnail>s_photo_117.jpg</thumbnail>
		<filename>photo_117.jpg</filename>
		<description><![CDATA[<p class="subtitle">Photo Title 77 goes here</p><p><a href="http://www.flashmo.com" target="_parent">Lorem ipsum dolor sit amet</a>, consectetur adipiscing elit. <span class="highlight">Quisque at ante sit amet</span> erat laoreet <u>fermentum</u>. Quisque nec nisl. Nam scelerisque cursus dolor. Pellentesque elementum enim a augue. Donec in nisi. Etiam sit amet turpis. Duis nulla diam, posuere ac, varius id, ullamcorper sit amet, libero.</p>]]></description>
	</photo>
	
	<photo>
		<thumbnail>s_photo_118.jpg</thumbnail>
		<filename>photo_118.jpg</filename>
		<description><![CDATA[<p class="subtitle">Photo Title 78 goes here</p><p><a href="http://www.flashmo.com/donate" target="_blank">Fusce quis diam sit</a> amet tortor luctus pellentesque. Donec accumsan urna non elit tristique mattis. <b>Vivamus fermentum</b> orci viverra nisl. In nec magna id ipsum aliquam dictum.</p>]]></description>
	</photo>
	
	<photo>
		<thumbnail>s_photo_119.jpg</thumbnail>
		<filename>photo_119.jpg</filename>
		<description><![CDATA[<p class="subtitle">Photo Title 79 goes here</p><p><a href="http://www.flashmo.com/donate" target="_parent">Lorem ipsum dolor sit amet</a>, consectetur adipiscing elit. <span class="highlight">Quisque at ante sit amet</span> erat laoreet <u>fermentum</u>. Quisque nec nisl. Nam scelerisque cursus dolor. Duis nulla diam, posuere ac, varius id, ullamcorper sit amet, libero.</p><p><span class="note">This text is dynamically loaded from the external XML file. This textfield supports HTML and CSS.</span></p>]]></description>
	</photo>
	
	<photo>
		<thumbnail>s_photo_120.jpg</thumbnail>
		<filename>photo_120.jpg</filename>
		<description><![CDATA[<p class="subtitle">Photo Title 80 goes here</p><p><a href="http://www.flashmo.com/donate" target="_blank">Mauris vestibulum felis</a> eget tortor. Praesent mattis varius quam. Vestibulum ullamcorper ipsum nec augue. Pellentesque id semper magna. Nunc commodo, magna pharetra semper vehicula, dui ligula feugiat elit, et euismod nunc orci ut libero.</p>]]></description>
	</photo>
	
	<photo>
		<thumbnail>s_photo_121.jpg</thumbnail>
		<filename>photo_121.jpg</filename>
		<description><![CDATA[<p class="subtitle">Photo Title 81 goes here</p><p><a href="http://www.flashmo.com/donate" target="_parent">Lorem ipsum dolor sit amet</a>, consectetur adipiscing elit. <span class="highlight">Quisque at ante sit amet</span> erat laoreet <u>fermentum</u>. Quisque nec nisl. Nam scelerisque cursus dolor. Duis nulla diam, posuere ac, varius id, ullamcorper sit amet, libero.</p><p><span class="note">This text is dynamically loaded from the external XML file. This textfield supports HTML and CSS.</span></p>]]></description>
	</photo>
	
	<photo>
		<thumbnail>s_photo_122.jpg</thumbnail>
		<filename>photo_122.jpg</filename>
		<description><![CDATA[<p class="subtitle">Photo Title 82 goes here</p><p>Donec accumsan urna non elit tristique mattis. <a href="http://www.flashmo.com/page/1" target="_blank">Fusce quis diam sit</a> amet tortor luctus pellentesque. Maecenas tincidunt, magna a aliquam placerat, diam dui gravida nulla, eu consectetur sapien enim sit amet velit. Mauris ac mi risus, sit amet facilisis dui. Ut cursus aliquam dignissim.</p>]]></description>
	</photo>
	
	<photo>
		<thumbnail>s_photo_123.jpg</thumbnail>
		<filename>photo_123.jpg</filename>
		<description><![CDATA[<p class="subtitle">Photo Title 83 goes here</p><p>In velit urna, <u>convallis id</u>, pharetra in, iaculis sit amet, mi. Praesent consectetur imperdiet mauris. Suspendisse at pede vel lorem pulvinar laoreet. Etiam et neque. Donec dapibus viverra est.</p><p><span class="note">This text is dynamically loaded from the external XML file. This textfield supports HTML and CSS.</span></p>]]></description>
	</photo>
	
	<photo>
		<thumbnail>s_photo_124.jpg</thumbnail>
		<filename>photo_124.jpg</filename>
		<description><![CDATA[<p class="subtitle">Photo Title 84 goes here</p><p>Download Free <a href="http://www.flashmo.com/page/1" target="_blank">Flash Templates</a> for your websites. Praesent mattis varius quam. Vestibulum ullamcorper ipsum nec augue. Nunc commodo, magna pharetra semper vehicula, dui ligula feugiat elit, et euismod nunc orci ut libero. Etiam sodales massa vel metus.</p>]]></description>
	</photo>
	
	<photo>
		<thumbnail>s_photo_125.jpg</thumbnail>
		<filename>photo_125.jpg</filename>
		<description><![CDATA[<p class="subtitle">Photo Title 85 goes here</p><p>Nunc aliquam, dolor vitae sollicitudin lacinia, nibh orci sagittis diam, dignissim sodales dui erat nec eros. Fusce sit amet lectus id enim semper ullamcorper. Morbi at auctor leo. Suspendisse leo turpis, adipiscing in bibendum vel, lobortis nec ligula. Nunc sit amet arcu neque.</p>]]></description>
	</photo>

	<photo>
		<thumbnail>s_photo_126.jpg</thumbnail>
		<filename>photo_126.jpg</filename>
		<description><![CDATA[<p class="subtitle">Photo Title 86 goes here</p><p>Suspendisse at pede vel lorem pulvinar laoreet. Download <a href="http://www.flashmo.com" target="_parent">Free Flash Gallery</a> for your websites. Praesent consectetur imperdiet mauris. Ut interdum pellentesque vehicula. Nunc odio nisi, adipiscing nec facilisis ac, fringilla et enim. Phasellus a massa at sem posuere tristique.</p>]]></description>
	</photo>
	
	<photo>
		<thumbnail>s_photo_127.jpg</thumbnail>
		<filename>photo_127.jpg</filename>
		<description><![CDATA[<p class="subtitle">Photo Title 87 goes here</p><p><span class="highlight">Lorem ipsum dolor sit amet, consectetur adipiscing elit.</span> Quisque at ante sit amet erat laoreet <u>fermentum</u>. Nam scelerisque cursus dolor. <a href="http://www.flashmo.com/donate" target="_parent">Integer vel sapien quis</a> risus egestas suscipit. Nam lorem tortor, viverra gravida, egestas id, pellentesque in, mi.</p>]]></description>
	</photo>
	
	<photo>
		<thumbnail>s_photo_128.jpg</thumbnail>
		<filename>photo_128.jpg</filename>
		<description><![CDATA[<p class="subtitle">Photo Title 88 goes here</p><p>Quisque at ante sit amet erat laoreet <u>fermentum</u>. Quisque nec nisl. Nam scelerisque cursus dolor. <a href="http://www.flashmo.com/page/1" target="_blank">Integer vel sapien quis</a> risus egestas suscipit. Nam lorem tortor, viverra gravida, egestas id, pellentesque in, mi. Praesent consectetur imperdiet mauris. <span class="highlight">Suspendisse at nisi nec diam pretium tincidunt.</span></p>]]></description>
	</photo>
	
	<photo>
		<thumbnail>s_photo_129.jpg</thumbnail>
		<filename>photo_129.jpg</filename>
		<description><![CDATA[<p class="subtitle">Photo Title 89 goes here</p><p>This text is dynamically loaded from the external XML file. This textfield supports HTML and CSS. <a href="http://www.flashmo.com" target="_parent">Lorem ipsum dolor sit amet</a>, consectetur adipiscing elit. Quisque at ante sit amet erat laoreet <u>fermentum</u>. Etiam sit amet turpis. Duis nulla diam, posuere ac, varius id, ullamcorper sit amet, libero.</p>]]></description>
	</photo>
	
	<photo>
		<thumbnail>s_photo_130.jpg</thumbnail>
		<filename>photo_130.jpg</filename>
		<description><![CDATA[<p class="subtitle">Photo Title 90 goes here</p><p><a href="http://www.flashmo.com/donate" target="_blank">Fusce quis diam sit</a> amet tortor luctus pellentesque. <b>Vivamus fermentum</b> orci viverra nisl. Aenean et metus ut odio commodo pretium. In nec magna id ipsum aliquam dictum.</p><p><span class="highlight">This text is dynamically loaded from the external XML file. This textfield supports HTML and CSS.</span></p>]]></description>
	</photo>
	
	<photo>
		<thumbnail>s_photo_101.jpg</thumbnail>
		<filename>photo_101.jpg</filename>
		<description><![CDATA[<p class="subtitle">Photo Title 91 goes here</p><p><a href="http://www.flashmo.com/donate" target="_parent">Lorem ipsum dolor sit amet</a>, consectetur adipiscing elit. <span class="highlight">Quisque at ante sit amet</span> erat laoreet <u>fermentum</u>. Quisque nec nisl. Nam scelerisque cursus dolor. Duis nulla diam, posuere ac, varius id, ullamcorper sit amet, libero.</p><p><span class="note">This text is dynamically loaded from the external XML file. This textfield supports HTML and CSS.</span></p>]]></description>
	</photo>
	
	<photo>
		<thumbnail>s_photo_102.jpg</thumbnail>
		<filename>photo_102.jpg</filename>
		<description><![CDATA[<p class="subtitle">Photo Title 92 goes here</p><p><a href="http://www.flashmo.com/page/1" target="_blank">Fusce quis diam sit</a> amet tortor luctus pellentesque. Donec accumsan urna non elit tristique mattis. <b>Vivamus fermentum</b> orci viverra nisl. Quisque nec nisl.</p>]]></description>
	</photo>
	
	<photo>
		<thumbnail>s_photo_103.jpg</thumbnail>
		<filename>photo_103.jpg</filename>
		<description><![CDATA[<p class="subtitle">Photo Title 93 goes here</p><p>In velit urna, <u>convallis id</u>, pharetra in, iaculis sit amet, mi. Praesent consectetur imperdiet mauris. Suspendisse at pede vel lorem pulvinar laoreet. Etiam et neque. Donec dapibus viverra est.</p><p><span class="note">This text is dynamically loaded from the external XML file. This textfield supports HTML and CSS.</span></p>]]></description>
	</photo>
	
	<photo>
		<thumbnail>s_photo_104.jpg</thumbnail>
		<filename>photo_104.jpg</filename>
		<description><![CDATA[<p class="subtitle">Photo Title 94 goes here</p><p><a href="http://www.flashmo.com/page/1" target="_blank">Mauris vestibulum felis</a> eget tortor. Praesent mattis varius quam. Vestibulum ullamcorper ipsum nec augue. Vestibulum auctor odio eget ante. <span class="note">Mauris et elit quis mauris aliquet luctus.</span></p>]]></description>
	</photo>
	
	<photo>
		<thumbnail>s_photo_105.jpg</thumbnail>
		<filename>photo_105.jpg</filename>
		<description><![CDATA[<p class="subtitle">Photo Title 95 goes here</p><p><a href="http://www.flashmo.com" target="_parent">Flash Templates</a> - Nunc ac diam viverra massa condimentum dictum. Fusce felis ante, volutpat vel vulputate eu, tincidunt ac orci. Vestibulum sed mattis lorem. Pellentesque dapibus viverra velit sed rutrum.</p>]]></description>
	</photo>

	<photo>
		<thumbnail>s_photo_106.jpg</thumbnail>
		<filename>photo_106.jpg</filename>
		<description><![CDATA[<p class="subtitle">Photo Title 96 goes here</p><p>Praesent consectetur imperdiet mauris. Suspendisse at pede vel lorem pulvinar laoreet. <a href="http://www.flashmo.com" target="_parent">Donec dapibus</a> viverra est. Pellentesque elementum enim a augue in nisi.</p><p><span class="highlight">Nunc commodo, magna pharetra semper vehicula, dui ligula feugiat elit, et euismod nunc orci ut libero.</span></p>]]></description>
	</photo>
	
	<photo>
		<thumbnail>s_photo_107.jpg</thumbnail>
		<filename>photo_107.jpg</filename>
		<description><![CDATA[<p class="subtitle">Photo Title 97 goes here</p><p>Lorem ipsum dolor sit amet, consectetur adipiscing elit. <span class="highlight">Quisque at ante sit amet</span> erat laoreet <u>fermentum</u>. Quisque nec nisl. Nam scelerisque cursus dolor. <a href="http://www.flashmo.com/donate" target="_parent">Integer vel sapien quis</a> risus egestas suscipit. Nam enim odio, placerat a suscipit eget, porttitor et ipsum.</p>]]></description>
	</photo>
	
	<photo>
		<thumbnail>s_photo_108.jpg</thumbnail>
		<filename>photo_108.jpg</filename>
		<description><![CDATA[<p class="subtitle">Photo Title 98 goes here</p><p><span class="highlight">Quisque at ante sit amet</span> erat laoreet <u>fermentum</u>. Quisque nec nisl. Nam scelerisque cursus dolor. <a href="http://www.flashmo.com/page/1" target="_blank">Integer vel sapien quis</a> risus egestas suscipit. Praesent consectetur imperdiet mauris.</p>]]></description>
	</photo>
	
	<photo>
		<thumbnail>s_photo_109.jpg</thumbnail>
		<filename>photo_109.jpg</filename>
		<description><![CDATA[<p class="subtitle">Photo Title 99 goes here</p><p><a href="http://www.flashmo.com" target="_parent">Lorem ipsum dolor sit amet</a>, consectetur adipiscing elit. <span class="highlight">Quisque at ante sit amet</span> erat laoreet <u>fermentum</u>. Etiam sit amet turpis. Duis nulla diam, posuere ac, varius id, ullamcorper sit amet, libero.</p><p><span class="note">This text is dynamically loaded from the external XML file. This textfield supports HTML and CSS.</span></p>]]></description>
	</photo>
	
	<photo>
		<thumbnail>s_photo_110.jpg</thumbnail>
		<filename>photo_110.jpg</filename>
		<description><![CDATA[<p class="subtitle">Photo Title 100 goes here</p><p><a href="http://www.flashmo.com/donate" target="_blank">Fusce quis diam sit</a> amet tortor luctus pellentesque. <b>Vivamus fermentum</b> orci viverra nisl. In nec magna id ipsum aliquam dictum. Donec euismod enim et risus.</p><p><span class="note">This textfield supports HTML and CSS.</span></p>]]></description>
	</photo>

	<photo>
		<thumbnail>s_photo_111.jpg</thumbnail>
		<filename>photo_111.jpg</filename>
		<description><![CDATA[<p class="subtitle">Photo Title 101 goes here</p><p>In velit urna, <u>convallis id</u>, pharetra in, iaculis sit amet, mi. Praesent consectetur imperdiet mauris. Suspendisse at pede vel lorem pulvinar laoreet. Etiam et neque. Donec dapibus viverra est.</p><p><span class="note">This text is dynamically loaded from the external XML file. This textfield supports HTML and CSS.</span></p>]]></description>
	</photo>
	
	<photo>
		<thumbnail>s_photo_112.jpg</thumbnail>
		<filename>photo_112.jpg</filename>
		<description><![CDATA[<p class="subtitle">Photo Title 102 goes here</p><p>Praesent mattis varius quam. Vestibulum ullamcorper ipsum nec augue. Nunc commodo, magna pharetra semper vehicula, dui ligula feugiat elit, et euismod nunc orci ut libero. <span class="note"><a href="http://www.flashmo.com/donate" target="_blank">Mauris vestibulum felis</a> eget tortor. Etiam sodales massa vel metus. Mauris et elit quis mauris aliquet luctus.</span></p>]]></description>
	</photo>
	
	<photo>
		<thumbnail>s_photo_113.jpg</thumbnail>
		<filename>photo_113.jpg</filename>
		<description><![CDATA[<p class="subtitle">Photo Title 103 goes here</p><p>Nunc aliquam, dolor vitae sollicitudin lacinia, nibh orci sagittis diam, dignissim sodales dui erat nec eros. <a href="http://www.flashmo.com" target="_parent">Aenean eleifend</a>, neque hendrerit elementum sodales, odio erat sagittis quam, sed tempor orci magna vitae tellus. Lorem ipsum dolor sit. Fusce quis enim.</p><p><span class="note">Quisque nec nisl. Nam scelerisque cursus dolor.</span></p>]]></description>
	</photo>
	
	<photo>
		<thumbnail>s_photo_114.jpg</thumbnail>
		<filename>photo_114.jpg</filename>
		<description><![CDATA[<p class="subtitle">Photo Title 104 goes here</p><p>In velit urna, convallis id, pharetra in, iaculis sit amet, mi. Praesent consectetur imperdiet mauris. Suspendisse at pede vel lorem pulvinar laoreet. Etiam et neque. <a href="http://www.flashmo.com/page/1" target="_parent">Donec dapibus</a> viverra est.</p>]]></description>
	</photo>
	
	<photo>
		<thumbnail>s_photo_115.jpg</thumbnail>
		<filename>photo_115.jpg</filename>
		<description><![CDATA[<p class="subtitle">Photo Title 105 goes here</p><p>Lorem ipsum dolor sit amet, consectetur adipiscing elit. <span class="highlight">Quisque at ante sit amet</span> erat laoreet <u>fermentum</u>. Quisque nec nisl. Nam scelerisque cursus dolor. <a href="http://www.flashmo.com" target="_parent">Integer vel sapien quis</a> risus egestas suscipit. Nam lorem tortor, viverra gravida, egestas id, pellentesque in, mi.</p>]]></description>
	</photo>

	<photo>
		<thumbnail>s_photo_116.jpg</thumbnail>
		<filename>photo_116.jpg</filename>
		<description><![CDATA[<p class="subtitle">Photo Title 106 goes here</p><p><a href="http://www.flashmo.com" target="_blank">Integer vel sapien quis</a> risus egestas suscipit. Nam lorem tortor, viverra gravida, egestas id, pellentesque in, mi. This text is dynamically loaded from the external XML file.</p>]]></description>
	</photo>
	
	<photo>
		<thumbnail>s_photo_117.jpg</thumbnail>
		<filename>photo_117.jpg</filename>
		<description><![CDATA[<p class="subtitle">Photo Title 107 goes here</p><p><a href="http://www.flashmo.com" target="_parent">Lorem ipsum dolor sit amet</a>, consectetur adipiscing elit. <span class="highlight">Quisque at ante sit amet</span> erat laoreet <u>fermentum</u>. Quisque nec nisl. Nam scelerisque cursus dolor. Pellentesque elementum enim a augue. Donec in nisi. Etiam sit amet turpis. Duis nulla diam, posuere ac, varius id, ullamcorper sit amet, libero.</p>]]></description>
	</photo>
	
	<photo>
		<thumbnail>s_photo_118.jpg</thumbnail>
		<filename>photo_118.jpg</filename>
		<description><![CDATA[<p class="subtitle">Photo Title 108 goes here</p><p><a href="http://www.flashmo.com/donate" target="_blank">Fusce quis diam sit</a> amet tortor luctus pellentesque. Donec accumsan urna non elit tristique mattis. <b>Vivamus fermentum</b> orci viverra nisl. In nec magna id ipsum aliquam dictum.</p>]]></description>
	</photo>
	
	<photo>
		<thumbnail>s_photo_119.jpg</thumbnail>
		<filename>photo_119.jpg</filename>
		<description><![CDATA[<p class="subtitle">Photo Title 109 goes here</p><p><a href="http://www.flashmo.com/donate" target="_parent">Lorem ipsum dolor sit amet</a>, consectetur adipiscing elit. <span class="highlight">Quisque at ante sit amet</span> erat laoreet <u>fermentum</u>. Quisque nec nisl. Nam scelerisque cursus dolor. Duis nulla diam, posuere ac, varius id, ullamcorper sit amet, libero.</p><p><span class="note">This text is dynamically loaded from the external XML file. This textfield supports HTML and CSS.</span></p>]]></description>
	</photo>
	
	<photo>
		<thumbnail>s_photo_120.jpg</thumbnail>
		<filename>photo_120.jpg</filename>
		<description><![CDATA[<p class="subtitle">Photo Title 110 goes here</p><p><a href="http://www.flashmo.com/donate" target="_blank">Mauris vestibulum felis</a> eget tortor. Praesent mattis varius quam. Vestibulum ullamcorper ipsum nec augue. Pellentesque id semper magna. Nunc commodo, magna pharetra semper vehicula, dui ligula feugiat elit, et euismod nunc orci ut libero.</p>]]></description>
	</photo>
	
	<photo>
		<thumbnail>s_photo_121.jpg</thumbnail>
		<filename>photo_121.jpg</filename>
		<description><![CDATA[<p class="subtitle">Photo Title 111 goes here</p><p><a href="http://www.flashmo.com/donate" target="_parent">Lorem ipsum dolor sit amet</a>, consectetur adipiscing elit. <span class="highlight">Quisque at ante sit amet</span> erat laoreet <u>fermentum</u>. Quisque nec nisl. Nam scelerisque cursus dolor. Duis nulla diam, posuere ac, varius id, ullamcorper sit amet, libero.</p><p><span class="note">This text is dynamically loaded from the external XML file. This textfield supports HTML and CSS.</span></p>]]></description>
	</photo>
	
	<photo>
		<thumbnail>s_photo_122.jpg</thumbnail>
		<filename>photo_122.jpg</filename>
		<description><![CDATA[<p class="subtitle">Photo Title 112 goes here</p><p>Donec accumsan urna non elit tristique mattis. <a href="http://www.flashmo.com/page/1" target="_blank">Fusce quis diam sit</a> amet tortor luctus pellentesque. Maecenas tincidunt, magna a aliquam placerat, diam dui gravida nulla, eu consectetur sapien enim sit amet velit. Mauris ac mi risus, sit amet facilisis dui. Ut cursus aliquam dignissim.</p>]]></description>
	</photo>
	
	<photo>
		<thumbnail>s_photo_123.jpg</thumbnail>
		<filename>photo_123.jpg</filename>
		<description><![CDATA[<p class="subtitle">Photo Title 113 goes here</p><p>In velit urna, <u>convallis id</u>, pharetra in, iaculis sit amet, mi. Praesent consectetur imperdiet mauris. Suspendisse at pede vel lorem pulvinar laoreet. Etiam et neque. Donec dapibus viverra est.</p><p><span class="note">This text is dynamically loaded from the external XML file. This textfield supports HTML and CSS.</span></p>]]></description>
	</photo>
	
	<photo>
		<thumbnail>s_photo_124.jpg</thumbnail>
		<filename>photo_124.jpg</filename>
		<description><![CDATA[<p class="subtitle">Photo Title 114 goes here</p><p>Download Free <a href="http://www.flashmo.com/page/1" target="_blank">Flash Templates</a> for your websites. Praesent mattis varius quam. Vestibulum ullamcorper ipsum nec augue. Nunc commodo, magna pharetra semper vehicula, dui ligula feugiat elit, et euismod nunc orci ut libero. Etiam sodales massa vel metus.</p>]]></description>
	</photo>
	
	<photo>
		<thumbnail>s_photo_125.jpg</thumbnail>
		<filename>photo_125.jpg</filename>
		<description><![CDATA[<p class="subtitle">Photo Title 115 goes here</p><p>Nunc aliquam, dolor vitae sollicitudin lacinia, nibh orci sagittis diam, dignissim sodales dui erat nec eros. Fusce sit amet lectus id enim semper ullamcorper. Morbi at auctor leo. Suspendisse leo turpis, adipiscing in bibendum vel, lobortis nec ligula. Nunc sit amet arcu neque.</p>]]></description>
	</photo>

	<photo>
		<thumbnail>s_photo_126.jpg</thumbnail>
		<filename>photo_126.jpg</filename>
		<description><![CDATA[<p class="subtitle">Photo Title 116 goes here</p><p>Suspendisse at pede vel lorem pulvinar laoreet. Download <a href="http://www.flashmo.com" target="_parent">Free Flash Gallery</a> for your websites. Praesent consectetur imperdiet mauris. Ut interdum pellentesque vehicula. Nunc odio nisi, adipiscing nec facilisis ac, fringilla et enim. Phasellus a massa at sem posuere tristique.</p>]]></description>
	</photo>
	
	<photo>
		<thumbnail>s_photo_127.jpg</thumbnail>
		<filename>photo_127.jpg</filename>
		<description><![CDATA[<p class="subtitle">Photo Title 117 goes here</p><p><span class="highlight">Lorem ipsum dolor sit amet, consectetur adipiscing elit.</span> Quisque at ante sit amet erat laoreet <u>fermentum</u>. Nam scelerisque cursus dolor. <a href="http://www.flashmo.com/donate" target="_parent">Integer vel sapien quis</a> risus egestas suscipit. Nam lorem tortor, viverra gravida, egestas id, pellentesque in, mi.</p>]]></description>
	</photo>
	
	<photo>
		<thumbnail>s_photo_128.jpg</thumbnail>
		<filename>photo_128.jpg</filename>
		<description><![CDATA[<p class="subtitle">Photo Title 118 goes here</p><p>Quisque at ante sit amet erat laoreet <u>fermentum</u>. Quisque nec nisl. Nam scelerisque cursus dolor. <a href="http://www.flashmo.com/page/1" target="_blank">Integer vel sapien quis</a> risus egestas suscipit. Nam lorem tortor, viverra gravida, egestas id, pellentesque in, mi. Praesent consectetur imperdiet mauris. <span class="highlight">Suspendisse at nisi nec diam pretium tincidunt.</span></p>]]></description>
	</photo>
	
	<photo>
		<thumbnail>s_photo_129.jpg</thumbnail>
		<filename>photo_129.jpg</filename>
		<description><![CDATA[<p class="subtitle">Photo Title 119 goes here</p><p>This text is dynamically loaded from the external XML file. This textfield supports HTML and CSS. <a href="http://www.flashmo.com" target="_parent">Lorem ipsum dolor sit amet</a>, consectetur adipiscing elit. Quisque at ante sit amet erat laoreet <u>fermentum</u>. Etiam sit amet turpis. Duis nulla diam, posuere ac, varius id, ullamcorper sit amet, libero.</p>]]></description>
	</photo>
	
	<photo>
		<thumbnail>s_photo_130.jpg</thumbnail>
		<filename>photo_130.jpg</filename>
		<description><![CDATA[<p class="subtitle">Photo Title 120 goes here</p><p><a href="http://www.flashmo.com/donate" target="_blank">Fusce quis diam sit</a> amet tortor luctus pellentesque. <b>Vivamus fermentum</b> orci viverra nisl. Aenean et metus ut odio commodo pretium. In nec magna id ipsum aliquam dictum.</p><p><span class="highlight">This text is dynamically loaded from the external XML file. This textfield supports HTML and CSS.</span></p>]]></description>
	</photo>

	<photo>
		<thumbnail>s_photo_101.jpg</thumbnail>
		<filename>photo_101.jpg</filename>
		<description><![CDATA[<p class="subtitle">Photo Title 121 goes here</p><p><a href="http://www.flashmo.com/donate" target="_parent">Lorem ipsum dolor sit amet</a>, consectetur adipiscing elit. <span class="highlight">Quisque at ante sit amet</span> erat laoreet <u>fermentum</u>. Quisque nec nisl. Nam scelerisque cursus dolor. Duis nulla diam, posuere ac, varius id, ullamcorper sit amet, libero.</p><p><span class="note">This text is dynamically loaded from the external XML file. This textfield supports HTML and CSS.</span></p>]]></description>
	</photo>
	
	<photo>
		<thumbnail>s_photo_102.jpg</thumbnail>
		<filename>photo_102.jpg</filename>
		<description><![CDATA[<p class="subtitle">Photo Title 122 goes here</p><p><a href="http://www.flashmo.com/page/1" target="_blank">Fusce quis diam sit</a> amet tortor luctus pellentesque. Donec accumsan urna non elit tristique mattis. <b>Vivamus fermentum</b> orci viverra nisl. Quisque nec nisl.</p>]]></description>
	</photo>
	
	<photo>
		<thumbnail>s_photo_103.jpg</thumbnail>
		<filename>photo_103.jpg</filename>
		<description><![CDATA[<p class="subtitle">Photo Title 123 goes here</p><p>In velit urna, <u>convallis id</u>, pharetra in, iaculis sit amet, mi. Praesent consectetur imperdiet mauris. Suspendisse at pede vel lorem pulvinar laoreet. Etiam et neque. Donec dapibus viverra est.</p><p><span class="note">This text is dynamically loaded from the external XML file. This textfield supports HTML and CSS.</span></p>]]></description>
	</photo>
	
	<photo>
		<thumbnail>s_photo_104.jpg</thumbnail>
		<filename>photo_104.jpg</filename>
		<description><![CDATA[<p class="subtitle">Photo Title 124 goes here</p><p><a href="http://www.flashmo.com/page/1" target="_blank">Mauris vestibulum felis</a> eget tortor. Praesent mattis varius quam. Vestibulum ullamcorper ipsum nec augue. Vestibulum auctor odio eget ante. <span class="note">Mauris et elit quis mauris aliquet luctus.</span></p>]]></description>
	</photo>
	
	<photo>
		<thumbnail>s_photo_105.jpg</thumbnail>
		<filename>photo_105.jpg</filename>
		<description><![CDATA[<p class="subtitle">Photo Title 125 goes here</p><p><a href="http://www.flashmo.com" target="_parent">Flash Templates</a> - Nunc ac diam viverra massa condimentum dictum. Fusce felis ante, volutpat vel vulputate eu, tincidunt ac orci. Vestibulum sed mattis lorem. Pellentesque dapibus viverra velit sed rutrum.</p>]]></description>
	</photo>

	<photo>
		<thumbnail>s_photo_106.jpg</thumbnail>
		<filename>photo_106.jpg</filename>
		<description><![CDATA[<p class="subtitle">Photo Title 126 goes here</p><p>Praesent consectetur imperdiet mauris. Suspendisse at pede vel lorem pulvinar laoreet. <a href="http://www.flashmo.com" target="_parent">Donec dapibus</a> viverra est. Pellentesque elementum enim a augue in nisi.</p><p><span class="highlight">Nunc commodo, magna pharetra semper vehicula, dui ligula feugiat elit, et euismod nunc orci ut libero.</span></p>]]></description>
	</photo>
	
	<photo>
		<thumbnail>s_photo_107.jpg</thumbnail>
		<filename>photo_107.jpg</filename>
		<description><![CDATA[<p class="subtitle">Photo Title 127 goes here</p><p>Lorem ipsum dolor sit amet, consectetur adipiscing elit. <span class="highlight">Quisque at ante sit amet</span> erat laoreet <u>fermentum</u>. Quisque nec nisl. Nam scelerisque cursus dolor. <a href="http://www.flashmo.com/donate" target="_parent">Integer vel sapien quis</a> risus egestas suscipit. Nam enim odio, placerat a suscipit eget, porttitor et ipsum.</p>]]></description>
	</photo>
	
	<photo>
		<thumbnail>s_photo_108.jpg</thumbnail>
		<filename>photo_108.jpg</filename>
		<description><![CDATA[<p class="subtitle">Photo Title 128 goes here</p><p><span class="highlight">Quisque at ante sit amet</span> erat laoreet <u>fermentum</u>. Quisque nec nisl. Nam scelerisque cursus dolor. <a href="http://www.flashmo.com/page/1" target="_blank">Integer vel sapien quis</a> risus egestas suscipit. Praesent consectetur imperdiet mauris.</p>]]></description>
	</photo>
	
	<photo>
		<thumbnail>s_photo_109.jpg</thumbnail>
		<filename>photo_109.jpg</filename>
		<description><![CDATA[<p class="subtitle">Photo Title 129 goes here</p><p><a href="http://www.flashmo.com" target="_parent">Lorem ipsum dolor sit amet</a>, consectetur adipiscing elit. <span class="highlight">Quisque at ante sit amet</span> erat laoreet <u>fermentum</u>. Etiam sit amet turpis. Duis nulla diam, posuere ac, varius id, ullamcorper sit amet, libero.</p><p><span class="note">This text is dynamically loaded from the external XML file. This textfield supports HTML and CSS.</span></p>]]></description>
	</photo>
	
	<photo>
		<thumbnail>s_photo_110.jpg</thumbnail>
		<filename>photo_110.jpg</filename>
		<description><![CDATA[<p class="subtitle">Photo Title 130 goes here</p><p><a href="http://www.flashmo.com/donate" target="_blank">Fusce quis diam sit</a> amet tortor luctus pellentesque. <b>Vivamus fermentum</b> orci viverra nisl. In nec magna id ipsum aliquam dictum. Donec euismod enim et risus.</p><p><span class="note">This textfield supports HTML and CSS.</span></p>]]></description>
	</photo>

	<photo>
		<thumbnail>s_photo_111.jpg</thumbnail>
		<filename>photo_111.jpg</filename>
		<description><![CDATA[<p class="subtitle">Photo Title 131 goes here</p><p>In velit urna, <u>convallis id</u>, pharetra in, iaculis sit amet, mi. Praesent consectetur imperdiet mauris. Suspendisse at pede vel lorem pulvinar laoreet. Etiam et neque. Donec dapibus viverra est.</p><p><span class="note">This text is dynamically loaded from the external XML file. This textfield supports HTML and CSS.</span></p>]]></description>
	</photo>
	
	<photo>
		<thumbnail>s_photo_112.jpg</thumbnail>
		<filename>photo_112.jpg</filename>
		<description><![CDATA[<p class="subtitle">Photo Title 132 goes here</p><p>Praesent mattis varius quam. Vestibulum ullamcorper ipsum nec augue. Nunc commodo, magna pharetra semper vehicula, dui ligula feugiat elit, et euismod nunc orci ut libero. <span class="note"><a href="http://www.flashmo.com/donate" target="_blank">Mauris vestibulum felis</a> eget tortor. Etiam sodales massa vel metus. Mauris et elit quis mauris aliquet luctus.</span></p>]]></description>
	</photo>
	
	<photo>
		<thumbnail>s_photo_113.jpg</thumbnail>
		<filename>photo_113.jpg</filename>
		<description><![CDATA[<p class="subtitle">Photo Title 133 goes here</p><p>Nunc aliquam, dolor vitae sollicitudin lacinia, nibh orci sagittis diam, dignissim sodales dui erat nec eros. <a href="http://www.flashmo.com" target="_parent">Aenean eleifend</a>, neque hendrerit elementum sodales, odio erat sagittis quam, sed tempor orci magna vitae tellus. Lorem ipsum dolor sit. Fusce quis enim.</p><p><span class="note">Quisque nec nisl. Nam scelerisque cursus dolor.</span></p>]]></description>
	</photo>
	
	<photo>
		<thumbnail>s_photo_114.jpg</thumbnail>
		<filename>photo_114.jpg</filename>
		<description><![CDATA[<p class="subtitle">Photo Title 134 goes here</p><p>In velit urna, convallis id, pharetra in, iaculis sit amet, mi. Praesent consectetur imperdiet mauris. Suspendisse at pede vel lorem pulvinar laoreet. Etiam et neque. <a href="http://www.flashmo.com/page/1" target="_parent">Donec dapibus</a> viverra est.</p>]]></description>
	</photo>
	
	<photo>
		<thumbnail>s_photo_115.jpg</thumbnail>
		<filename>photo_115.jpg</filename>
		<description><![CDATA[<p class="subtitle">Photo Title 135 goes here</p><p>Lorem ipsum dolor sit amet, consectetur adipiscing elit. <span class="highlight">Quisque at ante sit amet</span> erat laoreet <u>fermentum</u>. Quisque nec nisl. Nam scelerisque cursus dolor. <a href="http://www.flashmo.com" target="_parent">Integer vel sapien quis</a> risus egestas suscipit. Nam lorem tortor, viverra gravida, egestas id, pellentesque in, mi.</p>]]></description>
	</photo>

	<photo>
		<thumbnail>s_photo_116.jpg</thumbnail>
		<filename>photo_116.jpg</filename>
		<description><![CDATA[<p class="subtitle">Photo Title 136 goes here</p><p><a href="http://www.flashmo.com" target="_blank">Integer vel sapien quis</a> risus egestas suscipit. Nam lorem tortor, viverra gravida, egestas id, pellentesque in, mi. This text is dynamically loaded from the external XML file.</p>]]></description>
	</photo>
	
	<photo>
		<thumbnail>s_photo_117.jpg</thumbnail>
		<filename>photo_117.jpg</filename>
		<description><![CDATA[<p class="subtitle">Photo Title 137 goes here</p><p><a href="http://www.flashmo.com" target="_parent">Lorem ipsum dolor sit amet</a>, consectetur adipiscing elit. <span class="highlight">Quisque at ante sit amet</span> erat laoreet <u>fermentum</u>. Quisque nec nisl. Nam scelerisque cursus dolor. Pellentesque elementum enim a augue. Donec in nisi. Etiam sit amet turpis. Duis nulla diam, posuere ac, varius id, ullamcorper sit amet, libero.</p>]]></description>
	</photo>
	
	<photo>
		<thumbnail>s_photo_118.jpg</thumbnail>
		<filename>photo_118.jpg</filename>
		<description><![CDATA[<p class="subtitle">Photo Title 138 goes here</p><p><a href="http://www.flashmo.com/donate" target="_blank">Fusce quis diam sit</a> amet tortor luctus pellentesque. Donec accumsan urna non elit tristique mattis. <b>Vivamus fermentum</b> orci viverra nisl. In nec magna id ipsum aliquam dictum.</p>]]></description>
	</photo>
	
	<photo>
		<thumbnail>s_photo_119.jpg</thumbnail>
		<filename>photo_119.jpg</filename>
		<description><![CDATA[<p class="subtitle">Photo Title 139 goes here</p><p><a href="http://www.flashmo.com/donate" target="_parent">Lorem ipsum dolor sit amet</a>, consectetur adipiscing elit. <span class="highlight">Quisque at ante sit amet</span> erat laoreet <u>fermentum</u>. Quisque nec nisl. Nam scelerisque cursus dolor. Duis nulla diam, posuere ac, varius id, ullamcorper sit amet, libero.</p><p><span class="note">This text is dynamically loaded from the external XML file. This textfield supports HTML and CSS.</span></p>]]></description>
	</photo>
	
	<photo>
		<thumbnail>s_photo_120.jpg</thumbnail>
		<filename>photo_120.jpg</filename>
		<description><![CDATA[<p class="subtitle">Photo Title 140 goes here</p><p><a href="http://www.flashmo.com/donate" target="_blank">Mauris vestibulum felis</a> eget tortor. Praesent mattis varius quam. Vestibulum ullamcorper ipsum nec augue. Pellentesque id semper magna. Nunc commodo, magna pharetra semper vehicula, dui ligula feugiat elit, et euismod nunc orci ut libero.</p>]]></description>
	</photo>
	
	<photo>
		<thumbnail>s_photo_121.jpg</thumbnail>
		<filename>photo_121.jpg</filename>
		<description><![CDATA[<p class="subtitle">Photo Title 141 goes here</p><p><a href="http://www.flashmo.com/donate" target="_parent">Lorem ipsum dolor sit amet</a>, consectetur adipiscing elit. <span class="highlight">Quisque at ante sit amet</span> erat laoreet <u>fermentum</u>. Quisque nec nisl. Nam scelerisque cursus dolor. Duis nulla diam, posuere ac, varius id, ullamcorper sit amet, libero.</p><p><span class="note">This text is dynamically loaded from the external XML file. This textfield supports HTML and CSS.</span></p>]]></description>
	</photo>
	
	<photo>
		<thumbnail>s_photo_122.jpg</thumbnail>
		<filename>photo_122.jpg</filename>
		<description><![CDATA[<p class="subtitle">Photo Title 142 goes here</p><p>Donec accumsan urna non elit tristique mattis. <a href="http://www.flashmo.com/page/1" target="_blank">Fusce quis diam sit</a> amet tortor luctus pellentesque. Maecenas tincidunt, magna a aliquam placerat, diam dui gravida nulla, eu consectetur sapien enim sit amet velit. Mauris ac mi risus, sit amet facilisis dui. Ut cursus aliquam dignissim.</p>]]></description>
	</photo>
	
	<photo>
		<thumbnail>s_photo_123.jpg</thumbnail>
		<filename>photo_123.jpg</filename>
		<description><![CDATA[<p class="subtitle">Photo Title 143 goes here</p><p>In velit urna, <u>convallis id</u>, pharetra in, iaculis sit amet, mi. Praesent consectetur imperdiet mauris. Suspendisse at pede vel lorem pulvinar laoreet. Etiam et neque. Donec dapibus viverra est.</p><p><span class="note">This text is dynamically loaded from the external XML file. This textfield supports HTML and CSS.</span></p>]]></description>
	</photo>
	
	<photo>
		<thumbnail>s_photo_124.jpg</thumbnail>
		<filename>photo_124.jpg</filename>
		<description><![CDATA[<p class="subtitle">Photo Title 144 goes here</p><p>Download Free <a href="http://www.flashmo.com/page/1" target="_blank">Flash Templates</a> for your websites. Praesent mattis varius quam. Vestibulum ullamcorper ipsum nec augue. Nunc commodo, magna pharetra semper vehicula, dui ligula feugiat elit, et euismod nunc orci ut libero. Etiam sodales massa vel metus.</p>]]></description>
	</photo>
	
	<photo>
		<thumbnail>s_photo_125.jpg</thumbnail>
		<filename>photo_125.jpg</filename>
		<description><![CDATA[<p class="subtitle">Photo Title 145 goes here</p><p>Nunc aliquam, dolor vitae sollicitudin lacinia, nibh orci sagittis diam, dignissim sodales dui erat nec eros. Fusce sit amet lectus id enim semper ullamcorper. Morbi at auctor leo. Suspendisse leo turpis, adipiscing in bibendum vel, lobortis nec ligula. Nunc sit amet arcu neque.</p>]]></description>
	</photo>

	<photo>
		<thumbnail>s_photo_126.jpg</thumbnail>
		<filename>photo_126.jpg</filename>
		<description><![CDATA[<p class="subtitle">Photo Title 146 goes here</p><p>Suspendisse at pede vel lorem pulvinar laoreet. Download <a href="http://www.flashmo.com" target="_parent">Free Flash Gallery</a> for your websites. Praesent consectetur imperdiet mauris. Ut interdum pellentesque vehicula. Nunc odio nisi, adipiscing nec facilisis ac, fringilla et enim. Phasellus a massa at sem posuere tristique.</p>]]></description>
	</photo>
	
	<photo>
		<thumbnail>s_photo_127.jpg</thumbnail>
		<filename>photo_127.jpg</filename>
		<description><![CDATA[<p class="subtitle">Photo Title 147 goes here</p><p><span class="highlight">Lorem ipsum dolor sit amet, consectetur adipiscing elit.</span> Quisque at ante sit amet erat laoreet <u>fermentum</u>. Nam scelerisque cursus dolor. <a href="http://www.flashmo.com/donate" target="_parent">Integer vel sapien quis</a> risus egestas suscipit. Nam lorem tortor, viverra gravida, egestas id, pellentesque in, mi.</p>]]></description>
	</photo>
	
	<photo>
		<thumbnail>s_photo_128.jpg</thumbnail>
		<filename>photo_128.jpg</filename>
		<description><![CDATA[<p class="subtitle">Photo Title 148 goes here</p><p>Quisque at ante sit amet erat laoreet <u>fermentum</u>. Quisque nec nisl. Nam scelerisque cursus dolor. <a href="http://www.flashmo.com/page/1" target="_blank">Integer vel sapien quis</a> risus egestas suscipit. Nam lorem tortor, viverra gravida, egestas id, pellentesque in, mi. Praesent consectetur imperdiet mauris. <span class="highlight">Suspendisse at nisi nec diam pretium tincidunt.</span></p>]]></description>
	</photo>
	
	<photo>
		<thumbnail>s_photo_129.jpg</thumbnail>
		<filename>photo_129.jpg</filename>
		<description><![CDATA[<p class="subtitle">Photo Title 149 goes here</p><p>This text is dynamically loaded from the external XML file. This textfield supports HTML and CSS. <a href="http://www.flashmo.com" target="_parent">Lorem ipsum dolor sit amet</a>, consectetur adipiscing elit. Quisque at ante sit amet erat laoreet <u>fermentum</u>. Etiam sit amet turpis. Duis nulla diam, posuere ac, varius id, ullamcorper sit amet, libero.</p>]]></description>
	</photo>
	
	<photo>
		<thumbnail>s_photo_130.jpg</thumbnail>
		<filename>photo_130.jpg</filename>
		<description><![CDATA[<p class="subtitle">Photo Title 150 goes here</p><p><a href="http://www.flashmo.com/donate" target="_blank">Fusce quis diam sit</a> amet tortor luctus pellentesque. <b>Vivamus fermentum</b> orci viverra nisl. Aenean et metus ut odio commodo pretium. In nec magna id ipsum aliquam dictum.</p><p><span class="highlight">This text is dynamically loaded from the external XML file. This textfield supports HTML and CSS.</span></p>]]></description>
	</photo>
	
	<photo>
		<thumbnail>s_photo_101.jpg</thumbnail>
		<filename>photo_101.jpg</filename>
		<description><![CDATA[<p class="subtitle">Photo Title 151 goes here</p><p><a href="http://www.flashmo.com/donate" target="_parent">Lorem ipsum dolor sit amet</a>, consectetur adipiscing elit. <span class="highlight">Quisque at ante sit amet</span> erat laoreet <u>fermentum</u>. Quisque nec nisl. Nam scelerisque cursus dolor. Duis nulla diam, posuere ac, varius id, ullamcorper sit amet, libero.</p><p><span class="note">This text is dynamically loaded from the external XML file. This textfield supports HTML and CSS.</span></p>]]></description>
	</photo>
	
	<photo>
		<thumbnail>s_photo_102.jpg</thumbnail>
		<filename>photo_102.jpg</filename>
		<description><![CDATA[<p class="subtitle">Photo Title 152 goes here</p><p><a href="http://www.flashmo.com/page/1" target="_blank">Fusce quis diam sit</a> amet tortor luctus pellentesque. Donec accumsan urna non elit tristique mattis. <b>Vivamus fermentum</b> orci viverra nisl. Quisque nec nisl.</p>]]></description>
	</photo>
	
	<photo>
		<thumbnail>s_photo_103.jpg</thumbnail>
		<filename>photo_103.jpg</filename>
		<description><![CDATA[<p class="subtitle">Photo Title 153 goes here</p><p>In velit urna, <u>convallis id</u>, pharetra in, iaculis sit amet, mi. Praesent consectetur imperdiet mauris. Suspendisse at pede vel lorem pulvinar laoreet. Etiam et neque. Donec dapibus viverra est.</p><p><span class="note">This text is dynamically loaded from the external XML file. This textfield supports HTML and CSS.</span></p>]]></description>
	</photo>
	
	<photo>
		<thumbnail>s_photo_104.jpg</thumbnail>
		<filename>photo_104.jpg</filename>
		<description><![CDATA[<p class="subtitle">Photo Title 154 goes here</p><p><a href="http://www.flashmo.com/page/1" target="_blank">Mauris vestibulum felis</a> eget tortor. Praesent mattis varius quam. Vestibulum ullamcorper ipsum nec augue. Vestibulum auctor odio eget ante. <span class="note">Mauris et elit quis mauris aliquet luctus.</span></p>]]></description>
	</photo>
	
	<photo>
		<thumbnail>s_photo_105.jpg</thumbnail>
		<filename>photo_105.jpg</filename>
		<description><![CDATA[<p class="subtitle">Photo Title 155 goes here</p><p><a href="http://www.flashmo.com" target="_parent">Flash Templates</a> - Nunc ac diam viverra massa condimentum dictum. Fusce felis ante, volutpat vel vulputate eu, tincidunt ac orci. Vestibulum sed mattis lorem. Pellentesque dapibus viverra velit sed rutrum.</p>]]></description>
	</photo>

	<photo>
		<thumbnail>s_photo_106.jpg</thumbnail>
		<filename>photo_106.jpg</filename>
		<description><![CDATA[<p class="subtitle">Photo Title 156 goes here</p><p>Praesent consectetur imperdiet mauris. Suspendisse at pede vel lorem pulvinar laoreet. <a href="http://www.flashmo.com" target="_parent">Donec dapibus</a> viverra est. Pellentesque elementum enim a augue in nisi.</p><p><span class="highlight">Nunc commodo, magna pharetra semper vehicula, dui ligula feugiat elit, et euismod nunc orci ut libero.</span></p>]]></description>
	</photo>
	
	<photo>
		<thumbnail>s_photo_107.jpg</thumbnail>
		<filename>photo_107.jpg</filename>
		<description><![CDATA[<p class="subtitle">Photo Title 157 goes here</p><p>Lorem ipsum dolor sit amet, consectetur adipiscing elit. <span class="highlight">Quisque at ante sit amet</span> erat laoreet <u>fermentum</u>. Quisque nec nisl. Nam scelerisque cursus dolor. <a href="http://www.flashmo.com/donate" target="_parent">Integer vel sapien quis</a> risus egestas suscipit. Nam enim odio, placerat a suscipit eget, porttitor et ipsum.</p>]]></description>
	</photo>
	
	<photo>
		<thumbnail>s_photo_108.jpg</thumbnail>
		<filename>photo_108.jpg</filename>
		<description><![CDATA[<p class="subtitle">Photo Title 158 goes here</p><p><span class="highlight">Quisque at ante sit amet</span> erat laoreet <u>fermentum</u>. Quisque nec nisl. Nam scelerisque cursus dolor. <a href="http://www.flashmo.com/page/1" target="_blank">Integer vel sapien quis</a> risus egestas suscipit. Praesent consectetur imperdiet mauris.</p>]]></description>
	</photo>
	
	<photo>
		<thumbnail>s_photo_109.jpg</thumbnail>
		<filename>photo_109.jpg</filename>
		<description><![CDATA[<p class="subtitle">Photo Title 159 goes here</p><p><a href="http://www.flashmo.com" target="_parent">Lorem ipsum dolor sit amet</a>, consectetur adipiscing elit. <span class="highlight">Quisque at ante sit amet</span> erat laoreet <u>fermentum</u>. Etiam sit amet turpis. Duis nulla diam, posuere ac, varius id, ullamcorper sit amet, libero.</p><p><span class="note">This text is dynamically loaded from the external XML file. This textfield supports HTML and CSS.</span></p>]]></description>
	</photo>
	
	<photo>
		<thumbnail>s_photo_110.jpg</thumbnail>
		<filename>photo_110.jpg</filename>
		<description><![CDATA[<p class="subtitle">Photo Title 160 goes here</p><p><a href="http://www.flashmo.com/donate" target="_blank">Fusce quis diam sit</a> amet tortor luctus pellentesque. <b>Vivamus fermentum</b> orci viverra nisl. In nec magna id ipsum aliquam dictum. Donec euismod enim et risus.</p><p><span class="note">This textfield supports HTML and CSS.</span></p>]]></description>
	</photo>

	<photo>
		<thumbnail>s_photo_111.jpg</thumbnail>
		<filename>photo_111.jpg</filename>
		<description><![CDATA[<p class="subtitle">Photo Title 161 goes here</p><p>In velit urna, <u>convallis id</u>, pharetra in, iaculis sit amet, mi. Praesent consectetur imperdiet mauris. Suspendisse at pede vel lorem pulvinar laoreet. Etiam et neque. Donec dapibus viverra est.</p><p><span class="note">This text is dynamically loaded from the external XML file. This textfield supports HTML and CSS.</span></p>]]></description>
	</photo>
	
	<photo>
		<thumbnail>s_photo_112.jpg</thumbnail>
		<filename>photo_112.jpg</filename>
		<description><![CDATA[<p class="subtitle">Photo Title 162 goes here</p><p>Praesent mattis varius quam. Vestibulum ullamcorper ipsum nec augue. Nunc commodo, magna pharetra semper vehicula, dui ligula feugiat elit, et euismod nunc orci ut libero. <span class="note"><a href="http://www.flashmo.com/donate" target="_blank">Mauris vestibulum felis</a> eget tortor. Etiam sodales massa vel metus. Mauris et elit quis mauris aliquet luctus.</span></p>]]></description>
	</photo>
	
	<photo>
		<thumbnail>s_photo_113.jpg</thumbnail>
		<filename>photo_113.jpg</filename>
		<description><![CDATA[<p class="subtitle">Photo Title 163 goes here</p><p>Nunc aliquam, dolor vitae sollicitudin lacinia, nibh orci sagittis diam, dignissim sodales dui erat nec eros. <a href="http://www.flashmo.com" target="_parent">Aenean eleifend</a>, neque hendrerit elementum sodales, odio erat sagittis quam, sed tempor orci magna vitae tellus. Lorem ipsum dolor sit. Fusce quis enim.</p><p><span class="note">Quisque nec nisl. Nam scelerisque cursus dolor.</span></p>]]></description>
	</photo>
	
	<photo>
		<thumbnail>s_photo_114.jpg</thumbnail>
		<filename>photo_114.jpg</filename>
		<description><![CDATA[<p class="subtitle">Photo Title 164 goes here</p><p>In velit urna, convallis id, pharetra in, iaculis sit amet, mi. Praesent consectetur imperdiet mauris. Suspendisse at pede vel lorem pulvinar laoreet. Etiam et neque. <a href="http://www.flashmo.com/page/1" target="_parent">Donec dapibus</a> viverra est.</p>]]></description>
	</photo>
	
	<photo>
		<thumbnail>s_photo_115.jpg</thumbnail>
		<filename>photo_115.jpg</filename>
		<description><![CDATA[<p class="subtitle">Photo Title 165 goes here</p><p>Lorem ipsum dolor sit amet, consectetur adipiscing elit. <span class="highlight">Quisque at ante sit amet</span> erat laoreet <u>fermentum</u>. Quisque nec nisl. Nam scelerisque cursus dolor. <a href="http://www.flashmo.com" target="_parent">Integer vel sapien quis</a> risus egestas suscipit. Nam lorem tortor, viverra gravida, egestas id, pellentesque in, mi.</p>]]></description>
	</photo>

	<photo>
		<thumbnail>s_photo_116.jpg</thumbnail>
		<filename>photo_116.jpg</filename>
		<description><![CDATA[<p class="subtitle">Photo Title 166 goes here</p><p><a href="http://www.flashmo.com" target="_blank">Integer vel sapien quis</a> risus egestas suscipit. Nam lorem tortor, viverra gravida, egestas id, pellentesque in, mi. This text is dynamically loaded from the external XML file.</p>]]></description>
	</photo>
	
	<photo>
		<thumbnail>s_photo_117.jpg</thumbnail>
		<filename>photo_117.jpg</filename>
		<description><![CDATA[<p class="subtitle">Photo Title 167 goes here</p><p><a href="http://www.flashmo.com" target="_parent">Lorem ipsum dolor sit amet</a>, consectetur adipiscing elit. <span class="highlight">Quisque at ante sit amet</span> erat laoreet <u>fermentum</u>. Quisque nec nisl. Nam scelerisque cursus dolor. Pellentesque elementum enim a augue. Donec in nisi. Etiam sit amet turpis. Duis nulla diam, posuere ac, varius id, ullamcorper sit amet, libero.</p>]]></description>
	</photo>
	
	<photo>
		<thumbnail>s_photo_118.jpg</thumbnail>
		<filename>photo_118.jpg</filename>
		<description><![CDATA[<p class="subtitle">Photo Title 168 goes here</p><p><a href="http://www.flashmo.com/donate" target="_blank">Fusce quis diam sit</a> amet tortor luctus pellentesque. Donec accumsan urna non elit tristique mattis. <b>Vivamus fermentum</b> orci viverra nisl. In nec magna id ipsum aliquam dictum.</p>]]></description>
	</photo>
	
	<photo>
		<thumbnail>s_photo_119.jpg</thumbnail>
		<filename>photo_119.jpg</filename>
		<description><![CDATA[<p class="subtitle">Photo Title 169 goes here</p><p><a href="http://www.flashmo.com/donate" target="_parent">Lorem ipsum dolor sit amet</a>, consectetur adipiscing elit. <span class="highlight">Quisque at ante sit amet</span> erat laoreet <u>fermentum</u>. Quisque nec nisl. Nam scelerisque cursus dolor. Duis nulla diam, posuere ac, varius id, ullamcorper sit amet, libero.</p><p><span class="note">This text is dynamically loaded from the external XML file. This textfield supports HTML and CSS.</span></p>]]></description>
	</photo>
	
	<photo>
		<thumbnail>s_photo_120.jpg</thumbnail>
		<filename>photo_120.jpg</filename>
		<description><![CDATA[<p class="subtitle">Photo Title 170 goes here</p><p><a href="http://www.flashmo.com/donate" target="_blank">Mauris vestibulum felis</a> eget tortor. Praesent mattis varius quam. Vestibulum ullamcorper ipsum nec augue. Pellentesque id semper magna. Nunc commodo, magna pharetra semper vehicula, dui ligula feugiat elit, et euismod nunc orci ut libero.</p>]]></description>
	</photo>
	
	<photo>
		<thumbnail>s_photo_121.jpg</thumbnail>
		<filename>photo_121.jpg</filename>
		<description><![CDATA[<p class="subtitle">Photo Title 171 goes here</p><p><a href="http://www.flashmo.com/donate" target="_parent">Lorem ipsum dolor sit amet</a>, consectetur adipiscing elit. <span class="highlight">Quisque at ante sit amet</span> erat laoreet <u>fermentum</u>. Quisque nec nisl. Nam scelerisque cursus dolor. Duis nulla diam, posuere ac, varius id, ullamcorper sit amet, libero.</p><p><span class="note">This text is dynamically loaded from the external XML file. This textfield supports HTML and CSS.</span></p>]]></description>
	</photo>
	
	<photo>
		<thumbnail>s_photo_122.jpg</thumbnail>
		<filename>photo_122.jpg</filename>
		<description><![CDATA[<p class="subtitle">Photo Title 172 goes here</p><p>Donec accumsan urna non elit tristique mattis. <a href="http://www.flashmo.com/page/1" target="_blank">Fusce quis diam sit</a> amet tortor luctus pellentesque. Maecenas tincidunt, magna a aliquam placerat, diam dui gravida nulla, eu consectetur sapien enim sit amet velit. Mauris ac mi risus, sit amet facilisis dui. Ut cursus aliquam dignissim.</p>]]></description>
	</photo>
	
	<photo>
		<thumbnail>s_photo_123.jpg</thumbnail>
		<filename>photo_123.jpg</filename>
		<description><![CDATA[<p class="subtitle">Photo Title 173 goes here</p><p>In velit urna, <u>convallis id</u>, pharetra in, iaculis sit amet, mi. Praesent consectetur imperdiet mauris. Suspendisse at pede vel lorem pulvinar laoreet. Etiam et neque. Donec dapibus viverra est.</p><p><span class="note">This text is dynamically loaded from the external XML file. This textfield supports HTML and CSS.</span></p>]]></description>
	</photo>
	
	<photo>
		<thumbnail>s_photo_124.jpg</thumbnail>
		<filename>photo_124.jpg</filename>
		<description><![CDATA[<p class="subtitle">Photo Title 174 goes here</p><p>Download Free <a href="http://www.flashmo.com/page/1" target="_blank">Flash Templates</a> for your websites. Praesent mattis varius quam. Vestibulum ullamcorper ipsum nec augue. Nunc commodo, magna pharetra semper vehicula, dui ligula feugiat elit, et euismod nunc orci ut libero. Etiam sodales massa vel metus.</p>]]></description>
	</photo>
	
	<photo>
		<thumbnail>s_photo_125.jpg</thumbnail>
		<filename>photo_125.jpg</filename>
		<description><![CDATA[<p class="subtitle">Photo Title 175 goes here</p><p>Nunc aliquam, dolor vitae sollicitudin lacinia, nibh orci sagittis diam, dignissim sodales dui erat nec eros. Fusce sit amet lectus id enim semper ullamcorper. Morbi at auctor leo. Suspendisse leo turpis, adipiscing in bibendum vel, lobortis nec ligula. Nunc sit amet arcu neque.</p>]]></description>
	</photo>

	<photo>
		<thumbnail>s_photo_126.jpg</thumbnail>
		<filename>photo_126.jpg</filename>
		<description><![CDATA[<p class="subtitle">Photo Title 176 goes here</p><p>Suspendisse at pede vel lorem pulvinar laoreet. Download <a href="http://www.flashmo.com" target="_parent">Free Flash Gallery</a> for your websites. Praesent consectetur imperdiet mauris. Ut interdum pellentesque vehicula. Nunc odio nisi, adipiscing nec facilisis ac, fringilla et enim. Phasellus a massa at sem posuere tristique.</p>]]></description>
	</photo>
	
	<photo>
		<thumbnail>s_photo_127.jpg</thumbnail>
		<filename>photo_127.jpg</filename>
		<description><![CDATA[<p class="subtitle">Photo Title 177 goes here</p><p><span class="highlight">Lorem ipsum dolor sit amet, consectetur adipiscing elit.</span> Quisque at ante sit amet erat laoreet <u>fermentum</u>. Nam scelerisque cursus dolor. <a href="http://www.flashmo.com/donate" target="_parent">Integer vel sapien quis</a> risus egestas suscipit. Nam lorem tortor, viverra gravida, egestas id, pellentesque in, mi.</p>]]></description>
	</photo>
	
	<photo>
		<thumbnail>s_photo_128.jpg</thumbnail>
		<filename>photo_128.jpg</filename>
		<description><![CDATA[<p class="subtitle">Photo Title 178 goes here</p><p>Quisque at ante sit amet erat laoreet <u>fermentum</u>. Quisque nec nisl. Nam scelerisque cursus dolor. <a href="http://www.flashmo.com/page/1" target="_blank">Integer vel sapien quis</a> risus egestas suscipit. Nam lorem tortor, viverra gravida, egestas id, pellentesque in, mi. Praesent consectetur imperdiet mauris. <span class="highlight">Suspendisse at nisi nec diam pretium tincidunt.</span></p>]]></description>
	</photo>
	
	<photo>
		<thumbnail>s_photo_129.jpg</thumbnail>
		<filename>photo_129.jpg</filename>
		<description><![CDATA[<p class="subtitle">Photo Title 179 goes here</p><p>This text is dynamically loaded from the external XML file. This textfield supports HTML and CSS. <a href="http://www.flashmo.com" target="_parent">Lorem ipsum dolor sit amet</a>, consectetur adipiscing elit. Quisque at ante sit amet erat laoreet <u>fermentum</u>. Etiam sit amet turpis. Duis nulla diam, posuere ac, varius id, ullamcorper sit amet, libero.</p>]]></description>
	</photo>
	
	<photo>
		<thumbnail>s_photo_130.jpg</thumbnail>
		<filename>photo_130.jpg</filename>
		<description><![CDATA[<p class="subtitle">Photo Title 180 goes here</p><p><a href="http://www.flashmo.com/donate" target="_blank">Fusce quis diam sit</a> amet tortor luctus pellentesque. <b>Vivamus fermentum</b> orci viverra nisl. Aenean et metus ut odio commodo pretium. In nec magna id ipsum aliquam dictum.</p><p><span class="highlight">This text is dynamically loaded from the external XML file. This textfield supports HTML and CSS.</span></p>]]></description>
	</photo>

</photos>